Material,Matl group,Size/dimensions
01010110,UNASSIGN,None
01010133,UNASSIGN,None
01186971,UNASSIGN,None
01189202F,UNASSIGN,None
01189203,UNASSIGN,None
01189210F,UNASSIGN,None
01189211F,UNASSIGN,None
01189212F,UNASSIGN,None
01189213,UNASSIGN,None
01189214,UNASSIGN,None
01189215,UNASSIGN,None
01189216,UNASSIGN,None
01189218F,UNASSIGN,None
01189219,UNASSIGN,None
01189220,UNASSIGN,None
01500618RR,D12C2,None
01500636,MAGRD,None
01500815,UNASSIGN,None
01500825,UNASSIGN,None
01500829,UNASSIGN,None
01500830,D12C2,None
01500831,UNASSIGN,None
01500833,UNASSIGN,None
01500835,UNASSIGN,None
01500836,UNASSIGN,None
01500838,UNASSIGN,None
01500839,UNASSIGN,None
01500841,UNASSIGN,None
01500848,UNASSIGN,None
01500854,UNASSIGN,None
01500855,UNASSIGN,None
01500861,UNASSIGN,None
01500862,UNASSIGN,None
01500863,UNASSIGN,None
01500864,UNASSIGN,None
01500865,UNASSIGN,None
01500866,UNASSIGN,None
01500867,UNASSIGN,None
01500868,UNASSIGN,None
01500869,UNASSIGN,None
01500870,UNASSIGN,None
01500874,UNASSIGN,None
01500882,D12C2,None
04010040,EPSDP,None
04010040A,EPSDB,None
04010041,EPSC,None
04010041A,EPSCB,None
04010041B,EPSCB,None
04010289,EPSDP,None
04010289A,EPSDB,None
04010292,EPSCP,None
04010293,EPSDP,None
04010294,EPSCP,None
04010294A,EPSCB,None
04010295,EPSDP,None
04010295A,EPSDB,None
04010296,EPSCP,None
04010298,EPSCP,None
04010298A,EPSCB,None
04010300,EPSDP,None
04010300A,EPSDB,None
04010308,EPSCP,None
04010308A,EPSCB,None
04010309,EPSCP,None
04010309A,EPSCB,None
04010312,EPSDP,None
04010312A,EPSDB,None
04010385,EPSCP,None
04010385A,EPSCB,None
04010386,EPSCP,None
04010388,EPSCP,None
04010388A,EPSCB,None
04010391,EPSCP,None
04010408,EPSN,None
04010425,EPSNP,None
04010523,EPSNL,None
04010525,EPSNL,None
04010527,EPSNL,None
04010528,EPSNL,None
04010529,EPSDP,None
04010529A,EPSDB,None
04010613,EPSDP,None
04010640,EPSNP,None
04010665,EPSNP,None
04010678,EPSDP,None
04010694,EPSCP,None
04010694A,EPSCB,None
04010696,EPSDP,None
04010697,EPSCP,None
04010698,EPSCP,None
04010702,EPSCP,None
04010703,EPSDP,None
04010704,EPSDP,None
04010705,EPSDP,None
04010705A,EPSDB,None
04010706,EPSCP,None
04010706A,EPSCB,None
04010730,EPSNP,None
04010731,EPSNP,None
04010732,EPSDP,None
04010733,EPSDP,None
04010736,EPSCP,None
04010736A,EPSCB,None
04010741,EPSNP,None
04010755,EPSYC,None
04010756,EPSYC,None
04010757,EPSYC,None
04010758,EPSYC,None
04010761,EPSCP,None
04010761A,EPSCB,None
04010762,EPSCP,None
04010762A,EPSCB,None
04010766,EPSCP,None
04010766A,EPSCB,None
04010768,EPSCP,None
04010769,EPSCP,None
04010769A,EPSCB,None
04010770,EPSCP,None
04010770A,EPSCB,None
04010771A,EPSDB,None
04010775,EPSDP,None
04010775A,EPSDB,None
04010781,EPSDP,None
04010782,EPSDP,None
04010788,EPSCP,None
04010789,EPSYC,None
04010790,EPSDP,None
04010791,EPSDP,None
04010792,EPSNL,None
04010793,EPSDP,None
04010796,EPSCP,None
04010796A,EPSCB,None
04010799,EPSDP,None
04010802,EPSCP,None
04010805,EPSCP,None
04010805A,EPSCB,None
04010806,EPSDP,None
04010806A,EPSDB,None
04010808,EPSDP,None
04010809,EPSNP,None
04010810,EPSCP,None
04010810A,EPSCB,None
04010811,EPSCP,None
04010811A,EPSCB,None
04010812,EPSNP,None
04010813,EPSQP,None
04010814,EPSCP,None
04010814A,EPSCB,None
04010815,EPSDP,None
04010816,EPSNL,None
04010818,EPSCP,None
04010819,EPSCP,None
04010820,EPSCP,None
04010820A,EPSCB,None
04010821,EPSCP,None
04010822,EPSCP,None
04010823,EPSDP,None
04010824,EPSDP,None
04010825,EPSDP,None
04010826,EPSDP,None
04010827,EPSQP,None
04010829,EPSN,None
04020007,UNASSIGN,None
04515095,CARLA,None
04515096,CARLA,None
04515098,CARLA,None
04515099,CARLA,None
04515100,CARLA,None
04515101,CARLA,None
04515104,CARLA,None
04515250,CARLA,None
04525003,CARLA,None
04525008,CARLA,None
04525020,CARLA,None
04525021,CARLA,None
04525023,CARLA,None
04525025,CARLA,None
04525027,CARLA,None
04525028,CARLA,None
04525050,CARLA,None
04525068,CARLA,None
04525069,CARLA,None
04525077,CARLA,None
04525079,CARLA,None
04525093,CARLA,None
04525095,CARLA,None
04525098,CARLA,None
04525128,CARLA,None
04525129,CARLA,None
04525137,CARLA,None
04525142,CARLA,None
04525146,CARLA,None
04525148,CARLA,None
04525157,CARLA,None
04525188,CARLA,None
04525191,CARLA,None
04525194,CARLA,None
04525206,CARLA,None
04525217,CARLA,None
04525244,CARLA,None
04525251,CARLA,None
04525252,CARLA,None
04525253,CARLA,None
04525260,CARLA,None
04525263,CARLA,None
04525266,CARLA,None
04525271,CARLA,None
04525274,CARLA,None
04525275,CARLA,None
04536000,CARLA,None
04536001,CARLA,None
04536004,CARLA,None
04536006,CARLA,None
04536007,CARLA,None
04536008,CARLA,None
04536010,CARLA,None
04536013,CARLA,None
04536016,CARLA,None
04536030,CARLA,None
04536034,CARLA,None
04536035,CARLA,None
04536049,CARLA,None
04545046,CARLA,None
04545047,CARLA,None
04545053,CARLA,None
04545055,CARLA,None
04545058,CARLA,None
04545059,CARLA,None
04545063,CARLA,None
04545073,CARLA,None
04545080,CARLA,None
04555004,CARLA,None
04555006,CARLA,None
04555016,CARLA,None
04555017,CARLA,None
04555019,CARLA,None
04555021,CARLA,None
04555028,CARLA,None
04555029,CARLA,None
04555032,CARLA,None
04555033,CARLA,None
04555039,CARLA,None
04555040,CARLA,None
04555045,CARLA,None
04555046,CARLA,None
04555055,CARLA,None
04555064,CARLA,None
04555070,CARLA,None
04555082,CARLA,None
04555083,CARLA,None
04555087,CARLA,None
04555090,CARLA,None
04555106,CARLA,None
04555107,CARLA,None
04555108,CARLA,None
04555110,CARLA,None
04555111,CARLA,None
04555120,CARLA,None
04555131,CARLA,None
04555133,CARLA,None
04555168,CARLA,None
04555176,CARLA,None
04555190,CARLA,None
04555192,CARLA,None
04555193,CARLA,None
04555195,CARLA,None
04555198,CARLA,None
04555200,CARLA,None
04555204,CARLA,None
04555205,CARLA,None
04555207,CARLA,None
04561010,CARLA,None
04561011,CARLA,None
04561014,CARLA,None
04580006,CARLA,None
04580007,CARLA,None
04580008,CARLA,None
04580009,CARLA,None
04580010,CARLA,None
04580011,CARLA,None
04580012,CARLA,None
04580013,CARLA,None
04585050,CARLA,None
04585051,CARLA,None
04585052,CARLA,None
04585053,CARLA,None
04585054,CARLA,None
04585055,CARLA,None
04585056,CARLA,None
04585057,CARLA,None
04585058,CARLA,None
04585059,CARLA,None
04585060,CARLA,None
04585061,CARLA,None
04585062,CARLA,None
04585063,CARLA,None
04585064,CARLA,None
04585065,CARLA,None
04585066,CARLA,None
04585067,CARLA,None
04585068,CARLA,None
04585069,CARLA,None
04585070,CARLA,None
04585071,CARLA,None
04585072,CARLA,None
04585073,CARLA,None
04585074,CARLA,None
04585075,CARLA,None
06011023,SCLTIP,None
06011036,SCLTIP,None
06011051,SCLTIP,None
06011052,SCLTIP,None
06011073,SCLTIP,None
06011077,SCLTIP,None
06011078,SCLTIP,None
06011080,SCLTIP,None
06011089,SCLTIP,FS
06011092,SCLTIP,None
06011094,SCLTIP,None
06011103,SCLTIP,FS
06011105,SCLTIP,None
06011106,SCLTIP,FS
06011111,SCLTIP,None
06011124,SCLTIP,None
06011125,SCLTIP,None
06011127,SCLTIP,None
06011128,SCLTIP,None
06011129,SCLTIP,FS
06011130,SCLTIP,None
06011131,SCLTIP,FS
06011132,SCLTIP,FS
06011133,SCLTIP,FS
06011134,SCLTIP,None
06011135,SCLTIP,None
06011136,SCLTIP,FS
06011137,SCLTIP,None
06011139,SCLTIP,FS
06011140,SCLTIP,FS
06011142,SCLTIP,None
06011143,SCLTIP,FS
06011144,SCLTIP,None
06011145,SCLTIP,FS
06011146,SCLTIP,None
06011147,SCLTIP,None
06011148,SCLTIP,None
06021004,SDXTIP,None
06021006,SDXTIP,None
06021007,SDXTIP,None
06021009,SDXTIP,None
06021023,SDXTIP,None
06021027,SDXTIP,FS
06021029,SDXTIP,FS
06021037,SDXTIP,None
06021043,SDXTIP,None
06021044,SDXTIP,None
06021047,SDXTIP,None
06021048,SDXTIP,None
06021049,SDXTIP,None
06021050,SDXTIP,None
06021052,SDXTIP,None
06021059,SDXTIP,None
06021060,SDXTIP,None
06021062,SDXTIP,None
06021067,SDXTIP,None
06021068,SDXTIP,None
06021070,SDXTIP,None
06021073,SDXTIP,None
06021074,SDXTIP,None
06021075,SDXTIP,None
06021076,SDXTIP,None
06021077,SDXTIP,None
06021078,SDXTIP,None
06021080,SDXTIP,FS
06021081,SDXTIP,None
06021082,SDXTIP,FS
06021084,SDXTIP,None
06021085,SDXTIP,None
06021086,SDXTIP,FS
06021087,SDXTIP,FS
06021088,SDXTIP,FS
06021090,SDXTIP,FS
06021091,SDXTIP,None
06021092,SDXTIP,FS
06021093,SDXTIP,FS
06021094,SDXTIP,FS
06021095,SDXTIP,FS
06021097,SDXTIP,FS
06021099,SDXTIP,FS
06021100,SDXTIP,None
06021101,SDXTIP,FS
06021102,SDXTIP,FS
06021103,SDXTIP,FS
06040034,HCLTIP,None
06050001,HDXTIP,None
06050002,HDXTIP,None
06050005,HDXTIP,None
06050012,HDXTIP,None
06050013,HDXTIP,None
06050016,HDXTIP,None
06050017,HDXTIP,FS
06050019,HDXTIP,None
06050021,HDXTIP,FS
06050025,HDXTIP,FS
06050026,HDXTIP,FS
06050027,HDXTIP,None
10624,D12D2,UV
10630,D12D2,None
10805,D12D2,None
10818,D12D2,None
11674,D12D2,None
11719,D12D2,None
13119,D12D2,None
13190,D12D2,GL
13195,D12D2,None
13288,D12D2,UV
13473,D12D2,FSTI
13475,D12D2,THTI
13704,D12D2,None
13708,D12D2,None
13970,D12D2,None
13971,D12D2,None
14866,D12D2,GL
14878,D12D2,None
14895,D12D2,GL
15413,D12D2,SVTI
15692,D12D2,None
16472,D12C2,None
17056,D12D2,GL
17218,D12D2,GLDX3ASST
17443,D12D2,None
17625,D12D2,GLTI
17626,D12D2,GLDX43
17652,D12D2,SVFS
17658,D12D2,None
17659,D12D2,GL
17699,D12D2,FSGL
20443,D12D2,FSGL
20470,D12D2,GLDX38
20537,D12D2,FSTH
20647,D12D2,None
20705,D12D2,None
20706,D12D2,UV
20715,D12D2,None
20732,D12D2,None
20777,D12D2,GL
20825,D12D2,GL
20826,D12D2,GL
20836,D12D2,None
20867,D12D2,None
20881,D12D2,None
20975,D12D2,None
20999,D12D2,None
22742,MONEYCD,FSMC
22744,MONEYCD,SVMC
22747,MONEYCD,FSMC
23567,D12Q2,GL
23567QC01,D12Q2,GL
23568,D12Q2,GL
23569,D12Q2,QX17
23569QC01,D12Q2,QX17
23573,D12Q2,UV
23573QC01,D12Q2,UV
23576QC01,D12Q2,None
23592,D12Q2,GL
23594QC01,D12Q2,UV
23596QC01,D12Q2,UV
23599QC01,D12Q2,SV
23600,D12Q2,FS
23600QC01,D12Q2,FS
24723,D12C2,GL
25507DA01,MAGNT,None
25617DA01,MAGNT,None
25703DA01,MAGNT,None
26001DA01,MAGSQ,None
26009DA01,MAGSQ,None
26149DA01,MAGSQ,None
26486DA01,MAGSQ,None
26487DA01,MAGSQ,None
26493DA01,MAGSQ,None
26552DA01,MAGSQ,None
26564DA01,MAGSQ,None
26591DA01,MAGSQ,None
26592DA01,MAGSQ,None
26593DA01,MAGSQ,None
26595DA01,MAGSQ,None
28942,ASST,None
28948,ASST,None
291TRAY,RACKC,None
29448,D12C2,UV
29494,D12C2,SV
30652,CZFOLD,FSZ
31236DA01,MAGRT,None
31284DA01,MAGRT,None
31409DA01,MAGRT,None
31441DA01,MAGRT,None
31443DA01,MAGRT,None
31448DA01,MAGRT,None
31485DA01,MAGRT,None
31499DA01,MAGRT,None
31501DA01,MAGRT,None
31514DA01,MAGRT,None
31515DA01,MAGRT,None
31520DA01,MAGRT,None
31521DA01,MAGRT,None
31545DA01,MAGRT,None
31560DA01,MAGRT,None
31607DA01,MAGRT,None
31609DA01,MAGRT,None
31614DA01,MAGRT,None
31618DA01,MAGRT,None
31629DA01,MAGRT,None
31639DA01,MAGRT,None
31641DA01,MAGRT,None
31645DA01,MAGRT,None
31649DA01,MAGRT,None
31650DA01,MAGRT,None
32075,D12C2,None
32083,D12C2,None
32090,D12C2,None
32116,D12C2,FSCX77
32122,D12C2,FS
32125,D12C2,FSTI
32134,D12C2,None
32141,D12C2,None
32157,D12C2,FS
32176,D12C2,UV
32184,D12C2,None
32190,D12C2,TI
32195,D12C2,FS
32197,D12C2,GL
32200,D12C2,FS
32266,D12C2,None
32289,D12C2,None
32313,D12C2,FS2
32321,D12C2,FS
32340,D12C2,None
32341,D12C2,None
32342,D12C2,GL
32347,D12C2,None
32354,D12C2,GL
32364,D12C2,None
32365,D12C2,None
32392,D12C2,FSTI
32396,D12C2,GL
32405,D12C2,GL
32408,D12C2,None
32409,D12C2,None
32414,D12C2,TH
32423,D12C2,None
32434,D12C2,None
32450,D12C2,UV
32491,D12C2,UV
32513,D12C2,FS
32573,D12C2,None
32576,D12C2,UV
32578,D12C2,None
32581,D12C2,None
32585,D12C2,None
32586,D12C2,None
32587,D12C2,None
32589,D12C2,None
32593,D12C2,None
32595,D12C2,None
32597,D12C2,SV
32598,D12C2,None
32599,D12C2,UV
32600,D12C2,UV
32610,D12C2,SV
32610QC01,D12C2,SV
32612,D12C2,None
32617,D12C2,None
32627,D12C2,GL
32635,D12C2,None
32636,D12C2,None
32637,D12C2,None
32640,D12C2,None
32641,D12C2,None
32642,D12C2,UV
32644,D12C2,None
32646,D12C2,None
32647,D12C2,None
32652,D12C2,None
32654,D12C2,None
32656,D12C2,None
32659,D12C2,None
32665,D12C2,FS2
32667,D12C2,FSGL
32673,D12C2,GL
32675,D12C2,GL
32680,D12C2,GL
32681,D12C2,FS
32682,D12C2,FS
32683,D12C2,GL
32684,D12C2,GL
32685,D12C2,GL
32686,D12C2,GL
32688,D12C2,CVP1
32691,D12C2,TH
32694,D12C2,CVP1
32695,D12C2,CVP1
32696,D12C2,CVP1
32699,D12C2,GL
32700,D12C2,FS
32701,D12C2,TH
32705,D12C2,None
32708,D12C2,None
32710,D12C2,None
32711,D12C2,None
32717,D12C2,None
32723,D12C2,None
32729,D12C2,FS
32730,D12C2,SV
32732,D12C2,GL
32733,D12C2,FSCW3
32736,D12C2,UV
32738,D12C2,None
32741,D12C2,UV
32745,D12C2,UV
32746,D12C2,None
32749,D12C2,UV
32752,D12C2,None
32755,D12C2,None
32760,D12C2,UV
32761,D12C2,None
32767,D12C2,GLTH
32774,D12C2,FSGL
32780,D12C2,CVP1
32781,D12C2,GL
32783,D12C2,TH
32796,D12C2,TH
32798,D12C2,GL
32800,D12C2,FSCX77
32801,D12C2,SVTI
32840,D12C2,GL
32841,D12C2,None
32846,D12C2,FS
32847,D12C2,None
32852,D12C2,CX75
32853,D12C2,GL
32862,D12C2,None
32865,D12C2,None
32875,D12C2,None
32877,D12C2,None
32880,D12C2,None
32911,D12C2,GL
32952,D12C2,UV
32959,D12C2,None
32963,D12C2,FS
32964,D12C2,GL
32967,D12C2,UV
32970,D12C2,None
32979,D12C2,None
32981,D12C2,TH
32983,D12C2,None
32984,D12C2,FS2
32986,D12C2,UV
32987,D12C2,None
32991,D12C2,None
34603,ASSTNOTED,None
34606,ASSTNOTED,None
34609,ASSTNOTED,None
34640,ASSTNOTED,None
34642,ASSTNOTED,None
34673,ASSTNOTED,None
34677,ASSTNOTED,None
34689,ASSTNOTED,None
34695,ASSTNOTED,None
34701,ASSTNOTED,None
34703,ASSTNOTED,None
34704,ASSTNOTED,None
34706,ASSTNOTED,None
34708,ASSTNOTED,None
34709,ASSTNOTED,None
34710,ASSTNOTED,None
34711,ASSTNOTED,None
34712,ASSTNOTED,None
34713,ASSTNOTED,None
34715,ASSTNOTED,None
34716,ASSTNOTED,None
34717,ASSTNOTED,None
35033,D12BN2,None
35039,D12BN2,None
35117,D12BN2,None
35155,D12BN2,None
35336,D12BN2,None
35467,D12BN2,None
35473,D12BN2,None
35484,D12BN2,None
35485,D12BN2,None
35548,D12BN2,None
35549,D12BN2,None
35562,D12BN2,None
35563,D12BN2,None
35569,D12BN2,None
35575,D12BN2,None
35581,D12BN2,None
35583,D12BN2,None
35586,D12BN2,None
35588,D12BN2,None
35594,D12BN2,None
35595,D12BN2,None
35595QA01,D12BN2,None
35598,D12BN2,None
35600,D12BN2,None
35601,D12BN2,None
35602,D12BN2,None
35614,D12BN2,None
35622,D12BN2,None
35626,D12BN2,None
35627,D12BN2,None
35637,D12BN2,None
35639,D12BN2,None
35639QA01,D12BN2,None
35641,D12BN2,None
35642,D12BN2,None
35643,D12BN2,None
35644,D12BN2,None
35645,D12BN2,None
35647,D12BN2,None
35648,D12BN2,None
35649,D12BN2,None
35655,D12BN2,None
35656,D12BN2,None
35658,D12BN2,None
35658QA01,D12BN2,None
35659,D12BN2,None
35659QA01,D12BN2,None
35660,D12BN2,None
35662,D12BN2,None
35663,D12BN2,None
35664,D12BN2,None
35665,D12BN2,None
35666,D12BN2,None
35667,D12BN2,None
35668,D12BN2,None
35670,D12BN2,None
35671,D12BN2,None
35672,D12BN2,None
35673,D12BN2,None
35675,D12BN2,None
35676,D12BN2,None
35676QA01,D12BN2,None
35677,D12BN2,None
35678,D12BN2,None
35679,D12BN2,None
35680,D12BN2,None
35681,D12BN2,None
35682,D12BN2,None
35683,D12BN2,None
35683QA01,D12BN2,None
35684,D12BN2,None
35685,D12BN2,None
35685QA01,D12BN2,None
35686,D12BN2,None
35686QA01,D12BN2,None
35687,D12BN2,None
35688,D12BN2,None
35689,D12BN2,None
35689QA01,D12BN2,None
35691,D12BN2,None
35691QA01,D12BN2,None
35692,D12BN2,None
35693,D12BN2,None
35694,D12BN2,None
35694QA01,D12BN2,None
35695,D12BN2,None
35695QA01,D12BN2,None
35696,D12BN2,None
35697,D12BN2,None
35697QA01,D12BN2,None
35875,D12BN2,None
35880,D12BN2,None
35917,D12BN2,None
35933,D12BN2,None
35961,D12BN2,None
35964,D12BN2,None
35978,D12BN2,None
35995,D12BN2,None
35999,D12BN2,None
37211,CZFOLD100,GLZ
37230,CZFOLD100,FSZ
37553,QNC100,None
38819,D12C2,None
39401,DNC130,GLDX46
39402,DNC130,GLEBX-CCC
39403,DNC130,EBX-DDDDX38
39413,DNC130,GLEBX-IIIDX38
39414,DNC130,GLPI
39415,DNC130,GLPI
39416,DNC130,FSGL
39422,DNC130,FSGL
39423,DNC130,FSGL
39424,DNC130,FSGL
39426,DNC130,FSGL
39438,DNC130,PI
39439,DNC130,PI
39446,DNC130,GLPI
39447,DNC130,FSPI
39451,DNC130,GLEBX-TTTPI
39451QA01,DNC130,GLEBX-TTTPI
39451QC01,DNC130,GLEBX-TTTPI
39452,DNC130,GL
39454,DNC130,FSPI
39455,DNC130,GL
39460,DNC130,FSGL
39463,DNC130,FSGLPI
39464,DNC130,FS
39465,DNC130,FSPI
39465QA01,DNC130,FSPI
39466,DNC130,GLDX38
39467,DNC130,GLPI
40050101,D12C2,UV
40050201,D12C2,None
40050301,D12C2,None
40050401,D12C2,None
40050501,D12C2,None
40050601,D12C2,None
40050701,D12C2,None
40050801,D12C2,None
40050901,D12C2,None
40051001,D12C2,None
40051001QA01,D12C2,None
40051101,D12C2,None
40051201,D12C2,None
40051301,D12C2,None
40051401,D12C2,None
40053701,D12C2,None
40053901,D12C2,FS
40054401,D12C2,SV
40054501,D12C2,None
40054601,D12C2,None
40054701,D12C2,TI
40054801,D12C2,FSGL
40055001,D12C2,AU
40055201,D12C2,FS
40055301,D12C2,FS
40055401,D12C2,UV
40055501,D12C2,FS
40055601,D12C2,SV
40055701,D12C2,UV
40059002,D12C2,SVTI
40059101,D12C2,UV
40059101QA01,D12C2,UV
40059201,D12C2,TH
40059301,D12C2,SV
40059401,D12C2,None
40059501,D12C2,None
40059601,D12C2,None
40059801,D12C2,None
40059901,D12C2,None
40060101,D12C2,UV
40060201,D12C2,UV
40060301,D12C2,None
40060401,D12C2,None
40060501,D12C2,UV
40060601,D12C2,None
40060701,D12C2,None
40060801,D12C2,None
40061001,D12C2,SV
40061101,D12C2,None
40061301,D12C2,None
40061401,D12C2,None
40061501,D12C2,None
40061601,D12C2,None
40061701,D12C2,None
40061901,D12C2,None
40062001,D12C2,None
40062201,D12C2,None
40062501,D12C2,None
40062601,D12C2,None
40062901,D12C2,None
40063101,D12C2,None
40063201,D12C2,None
40063501,D12C2,UV
40063601,D12C2,None
40063701,D12C2,None
40064001,D12C2,TH
40064201,D12C2,None
40064301,D12C2,GL
40064401,D12C2,GL
40064501,D12C2,TH
40064801,D12C2,None
40065301,D12C2,None
40069501,D12C2,GL
40072401,D12C2,None
40072801,D12C2,None
40072901,D12C2,None
40073101,D12C2,None
40073201,D12C2,None
40073301,D12C2,None
40073401,D12C2,None
40073501,D12C2,None
40073601,D12C2,None
40073801,D12C2,None
40074001,D12C2,None
40074101,D12C2,None
40074601,D12C2,FS
40074701,D12C2,None
40074801,D12C2,None
40074901,D12C2,None
40075001,D12C2,None
40076101,D12C2,FS
40076201,D12C2,GL
40076701,D12C2,FSGL
40076801,D12C2,GL
40076901,D12C2,FS
40077001,D12C2,UV
40077101,D12C2,FS
40077201,D12C2,TH
40077301,D12C2,GL
40077401,D12C2,TH
40077501,D12C2,TH
40077601,D12C2,FSTI
40077701,D12C2,TI
40077701QC01,D12C2,TI
40077801,D12C2,FSGLTI
40077901,D12C2,FSGLTI
40078401,D12C2,UV
40078501,D12C2,UV
40078601,D12C2,FSTI
40078601QC01,D12C2,FSTI
40078701,D12C2,FSGL
40078801,D12C2,UV
40078901,D12C2,TH
40079001,D12C2,FSGL
40079101,D12C2,TH
40079201,D12C2,FS
40079301,D12C2,FSGL
40079401,D12C2,TH
40079501,D12C2,FSGLTI
40079601,D12C2,GL
40079701,D12C2,FS
40079801,D12C2,TH
40079901,D12C2,FS
40080001,D12C2,TH
40080101,D12C2,FS
40080201,D12C2,FS2
40080301,D12C2,UV
40080401,D12C2,TH
40080501,D12C2,TH
40080601,D12C2,SV
40080701,D12C2,TH
40080801,D12C2,TH
40080901,D12C2,FSTI
40081001,D12C2,UVTI
40081101,D12C2,UVTI
40081201,D12C2,FSTI
40085401,D12C2,FSTI
40085501,D12C2,FSGLTI
40085701,D12C2,TH
40085801,D12C2,FSGL
40085901,D12C2,TH
40086201,D12C2,FS
40086201QC01,D12C2,FS
40086301,D12C2,FS2
40086501,D12C2,TH
40086601,D12C2,UV
40090801,D12C2,None
40090901,D12C2,None
40091001,D12C2,None
40091101,D12C2,None
40091201,D12C2,None
40091301,D12C2,UV
40091601,D12C2,None
40091701,D12C2,None
40091801,D12C2,None
40091901,D12C2,TH
40092001,D12C2,TH
40092101,D12C2,None
40092201,D12C2,None
40092301,D12C2,None
40092401,D12C2,None
40092501,D12C2,None
40092601,D12C2,None
40092701,D12C2,None
40092801,D12C2,None
40092901,D12C2,None
40093001,D12C2,None
40093101,D12C2,None
40093201,D12C2,None
40093201QA01,D12C2,None
40093301,D12C2,None
40093401,D12C2,None
40093501,D12C2,None
40093601,D12C2,None
40093701,D12C2,None
40093801,D12C2,None
40093901,D12C2,None
40094001,D12C2,None
40094101,D12C2,None
40094201,D12C2,GL
40094301,D12C2,None
40094401,D12C2,None
40094501,D12C2,None
40094601,D12C2,None
40094701,D12C2,None
40094801,D12C2,None
40094901,D12C2,None
40095001,D12C2,None
40095101,D12C2,None
40095201,D12C2,None
40095301,D12C2,SV
40095401,D12C2,None
40095501,D12C2,GL
40095601,D12C2,SV
40095701,D12C2,TH
40095801,D12C2,FS
40095901,D12C2,UV
40096001,D12C2,UV
40096101,D12C2,TH
40096301,D12C2,FS2
40096401,D12C2,GL
40096501,D12C2,FS
40096601,D12C2,TH
40096701,D12C2,SV
40096801,D12C2,TH
40096901,D12C2,FS
40097001,D12C2,UV
40097101,D12C2,UV
40097201,D12C2,GL
40097301,D12C2,TH
40097401,D12C2,FS
40097501,D12C2,FS
40097601,D12C2,GLTI
40097701,D12C2,FS
40097801,D12C2,GL
40098001,D12C2,FS
40098101,D12C2,FSGLTI
40098201,D12C2,FS
40098301,D12C2,FS
40098401,D12C2,None
40098401QA01,D12C2,None
40098501,D12C2,SV
40098601,D12C2,FS
40098701,D12C2,None
40098801,D12C2,None
40098901,D12C2,None
40099001,D12C2,FS2
40099101,D12C2,GLCVP1
40099201,D12C2,GLCVP1
40099301,D12C2,GL
40099401,D12C2,CVP1
40099501,D12C2,None
40099601,D12C2,FS
40099701,D12C2,None
40099801,D12C2,UV
40100001,D12C2,FS
40100101,D12C2,FS
40100201,D12C2,None
40100401,D12C2,UV
40100501,D12C2,None
40100601,D12C2,CVP1
40100701,D12C2,None
40100801,D12C2,None
40100901,D12C2,CVP1
40101001,D12C2,GL
40101101,D12C2,UV
40101201,D12C2,FSCVP1
40101301,D12C2,GL
40101401,D12C2,AU
40101501,D12C2,None
40101601,D12C2,None
40101701,D12C2,GLCVP1
40101801,D12C2,GLCVP1
40101901,D12C2,CVP1
40102001,D12C2,GL
40102101,D12C2,UV
40102201,D12C2,GL
40102301,D12C2,FS
40102401,D12C2,None
40102501,D12C2,None
40102601,D12C2,None
40102701,D12C2,FS
40102801,D12C2,None
40102901,D12C2,FS
40103001,D12C2,GL
40103101,D12C2,UV
40103201,D12C2,FS
40103201QA01,D12C2,FS
40103301,D12C2,GL
40103401,D12C2,UV
40103501,D12C2,SV
40103601,D12C2,FSGL
40103701,D12C2,UV
40103801,D12C2,GL
40103901,D12C2,SV
40103901QA01,D12C2,SV
40104001,D12C2,TH
40104101,D12C2,GL
40104201,D12C2,GL
40104301,D12C2,GL
40104401,D12C2,UV
40104501,D12C2,UV
40104601,D12C2,GL
40104701,D12C2,GL
40104801,D12C2,TH
40104901,D12C2,UV
40105001,D12C2,FSGL
40105101,D12C2,FS
40105201,D12C2,SV
40105301,D12C2,TH
40105301QA01,D12C2,TH
40105401,D12C2,SVCX80
40105501,D12C2,FSTI
40105601,D12C2,TH
40105601QA01,D12C2,TH
40105701,D12C2,FS
40105701QA01,D12C2,FS
40105801,D12C2,None
40105901,D12C2,None
40106001,D12C2,None
40106101,D12C2,None
40106201,D12C2,None
40106201QC01,D12C2,None
40106301,D12C2,None
40106401,D12C2,None
40106501,D12C2,None
40106601,D12C2,None
40106701,D12C2,None
40106801,D12C2,None
40106901,D12C2,None
40107001,D12C2,None
40107101,D12C2,None
40107201,D12C2,None
40107301,D12C2,FS2CB7
40107401,D12C2,FSCB5
40107501,D12C2,None
40107601,D12C2,None
40107701,D12C2,None
40107801,D12C2,None
40107901,D12C2,GLTH
40108001,D12C2,None
40108101,D12C2,None
40108201,D12C2,None
40108301,D12C2,None
40108401,D12C2,None
40108501,D12C2,None
40108601,D12C2,None
40108701,D12C2,TH
40108801,D12C2,UV
40108901,D12C2,FS
40109001,D12C2,TH
40109101,D12C2,None
40109201,D12C2,None
40109301,D12C2,None
40109401,D12C2,FSGL
40109501,D12C2,FSGL
40109601,D12C2,SV
40109701,D12C2,GL
40109801,D12C2,FS
40109901,D12C2,UV
40110001,D12C2,UV
40110101,D12C2,FS
40110201,D12C2,FS
40110301,D12C2,GL
40110401,D12C2,GL
40110501,D12C2,SV
40110601,D12C2,FS
40110701,D12C2,FS
40110801,D12C2,FSGL
40110901,D12C2,FS
40111001,D12C2,FS
40111101,D12C2,FS
40111301,D12C2,None
40111401,D12C2,None
40111501,D12C2,None
40111601,D12C2,GL
40111701,D12C2,GL
40111801,D12C2,FS
40111901,D12C2,FS
40112001,D12C2,GL
40112101,D12C2,UV
40112201,D12C2,FS
40112301,D12C2,GL
40112401,D12C2,SVCX80
40112501,D12C2,UV
40112601,D12C2,FSGL
40112701,D12C2,FS
40112701QA01,D12C2,FS
40112801,D12C2,FS
40112901,D12C2,None
40112901QA01,D12C2,None
40113001,D12C2,GL
40113001QA01,D12C2,GL
40113101,D12C2,None
40113101QA01,D12C2,None
40113201,D12C2,None
40113301,D12C2,None
40113301QA01,D12C2,None
40113401,D12C2,None
40113501,D12C2,CX80
40113601,D12C2,TH
40113601QA01,D12C2,TH
40113701,D12C2,SV
40113801,D12C2,UV
40113901,D12C2,GL
40113901QA01,D12C2,GL
40114001,D12C2,None
40114001QA01,D12C2,None
40114101,D12C2,SV
40114201,D12C2,UV
40114301,D12C2,SV
40114401,D12C2,TH
40114401QA01,D12C2,TH
40114501,D12C2,GL
40114601,D12C2,UV
40114601QA01,D12C2,UV
40114701,D12C2,TH
40114701QA01,D12C2,TH
40114801,D12C2,TH
40114901,D12C2,TH
40114901QA01,D12C2,TH
40115001,D12C2,SV
40115001QA01,D12C2,SV
40115101,D12C2,FS
40115201,D12C2,UV
40115301,D12C2,None
40115301QA01,D12C2,None
40115401,D12C2,TH
40115401QA01,D12C2,TH
40115501,D12C2,TH
40115601,D12C2,TH
40115601QA01,D12C2,TH
40115701,D12C2,TH
40115701QA01,D12C2,TH
40115801,D12C2,TH
40115901,D12C2,UV
40115901QA01,D12C2,UV
40116001,D12C2,UV
40116001QA01,D12C2,UV
40116101,D12C2,TH
40116101QA01,D12C2,TH
40116201,D12C2,GL
40116201QA01,D12C2,GL
40116301,D12C2,GL
40116301QA01,D12C2,GL
40116401,D12C2,FSGL
40116501,D12C2,FS
40116501QA01,D12C2,FS
40116601,D12C2,FS
40116901,D12C2,FSGL
40117301,D12C2,None
40117401,D12C2,None
40117501,D12C2,None
40117601,D12C2,None
40117701,D12C2,SV
40117801,D12C2,None
40117901,D12C2,TH
40117901QA01,D12C2,TH
40118001,D12C2,TH
42241,D12Y2,None
42242,D12Y2,None
42245,D12Y2,None
42246,D12Y2,None
42247,D12Y2,None
42248,D12Y2,None
42249,D12Y2,None
42250,D12Y2,None
42252,D12Y2,None
42254,D12Y2,None
42255,D12Y2,None
42256,D12Y2,None
42257,D12Y2,None
42258,D12Y2,None
42259,D12Y2,None
42260,D12Y2,None
42262,D12Y2,None
42264,D12Y2,None
42265,D12Y2,None
42266,D12Y2,None
42267,D12Y2,None
42268,D12Y2,None
42269,D12Y2,None
42270,D12Y2,None
42271,D12Y2,None
42272,D12Y2,None
42274,D12Y2,None
42275,D12Y2,None
42276,D12Y2,None
42277,D12Y2,None
42278,D12Y2,None
42280,D12Y2,None
42281,D12Y2,None
42282,D12Y2,None
42283,D12Y2,None
42284,D12Y2,None
42285,D12Y2,None
42286,D12Y2,None
42287,D12Y2,None
42288,D12Y2,None
42289,D12Y2,None
42290,D12Y2,None
42291,D12Y2,None
42294,D12Y2,None
42295,D12Y2,None
42300,D12Y2,None
43679,D12D2,UV
43680,D12D2,None
44263,D12D2,None
44437,D12D2,UV
44761,D12D2,None
44769,D12D2,None
44770,D12D2,None
46019,STAT,None
46030,STAT,None
46034,STAT,None
46040,STAT,None
46044,STAT,None
46050,STAT,None
46050101,MONEYCD,FSMC
46050201,MONEYCD,THMC
46050301,MONEYCD,THMC
46050401,MONEYCD,MC
46050601,MONEYCD,GLMC
46050901,MONEYCD,MC
46051001,MONEYCD,MC
46051101,MONEYCD,FSMC
46051201,MONEYCD,UVMC
46051201QA01,MONEYCD,UVMC
46051301,MONEYCD,FSGLMC
46070,STAT,None
46099,STAT,None
46104,STAT,None
46105,STAT,None
46112,STAT,None
46113,STAT,None
47050301,CNC100,None
47050401,CNC100,None
47050501,CNC100,None
47050601,CNC100,GL
47050701,CNC130,FS2
47050801,CNC100,GL
47051001,CNC100,FS
47051101,CNC100,None
47051201,CNC100,FS
47051401,CNC100,FS
47051601,CNC100,FS
47052201,CNC100,FS
47053201,CNC100,GL
47053301,CNC100,FSGL
47053401,CNC100,FSGL
47053601,CNC100,FSGL
47053701,CNC100,GL
47053901,CNC100,GL
47054001,CNC100,TI
47054101,CNC100,FSGL
47054101QC01,CNC100,FSGL
47054201,CNC100,FSGL
47054301,CNC100,FSGL
47054301QC01,CNC100,FSGL
47054401,CNC100,GL
47054501,CNC100,FSGL
47054501QC01,CNC100,FSGL
47054601,CNC100,GL
47054701,CNC100,GL
47054801,CNC100,FSGL
47054901,CNC100,GLTI
47055001,CNC100,FSGLTI
47055101,CNC100,GL
47055201,CNC100,GL
47055301,CNC100,GL
47055401,CNC100,GL
47055501,CNC100,FSGL
47055601,CNC100,FSGL
47055701,CNC100,FSGL
47055801,CNC100,FS2
47056001,CNC100,FSGL
47056101,CNC100,GL
47056201,CNC100,FS2
47056301,CNC100,None
47056401,CNC100,GL
47056501,CNC100,FSGL
47056601,CNC100,FSTI
47056701,CNC100,FS
47056801,CNC100,FS
47056901,CNC100,FS
47057001,CNC100,FS
47057101,CNC100,None
47057201,CNC100,FSGLTI
47057301,CNC100,GLEBX-VVVTI
47057401,CNC100,FSGL
47057501,CNC100,GL
47057601,CNC100,FSGL
47057801,CNC100,GL
47057901,CNC100,GL
47058001,CNC100,GL
47058101,CNC100,GL
47058201,CNC100,GL
47058301,CNC100,FSGL
47058401,CNC100,GL
47058501,CNC100,GL
47058601,CNC100,GL
47058701,CNC100,GL
47058801,CNC100,FS2
47058901,CNC100,FSTI
47059001,CNC100,GL
47059101,CNC100,FS
47059201,CNC100,FSGLTI
47059301,CNC100,GL
47059401,CNC100,GL
47059501,CNC100,GL
47059601,CNC100,FSGL
47059701,CNC100,GL
47059801,CNC100,GL
47059901,CNC100,FSGL
47060001,CNC100,FSGL
47060101,CNC100,FSGL
47060101QA01,CNC100,FSGL
47060201,CNC100,FSGL
47060301,CNC100,GL
47060401,CNC100,FSGL
47060501,CNC100,GL
47060601,CNC100,GL
47060701,CNC100,GL
47060801,CNC100,FSGL
47060901,CNC100,FSGL
47061001,CNC100,None
47061101,CNC100,GL
47061101QA01,CNC100,GL
47061201,CNC100,FSGL
47061201QA01,CNC100,FSGL
47061301,CNC100,FSGL
47061401,CNC100,GL
47061501,CNC100,GL
47061601,CNC100,FS
47061701,CNC100,FSGL
47061801,CNC100,FS
47061901,CNC100,FS
47062001,CNC100,FSGL
47062101,CNC100,FS
47062201,CNC100,FSGL
47062301,CNC100,GL
47062301QA01,CNC100,GL
47062401,CNC100,GL
47062501,CNC100,FSGL
47062601,CNC100,GL
47062701,CNC100,GLCX81
47062701QA01,CNC100,GLCX81
47062801,CNC100,FSGL
47062901,CNC100,FSGL
47062901QA01,CNC100,FSGL
47063001,CNC100,FSGL
47063001QA01,CNC100,FSGL
47063101,CNC100,GL
47063201,CNC100,FS
47063301,CNC100,FS
47063401,CNC100,FS
47063501,CNC100,GL
47063601,CNC100,GL
47063701,CNC100,GL
47063701QA01,CNC100,GL
47063801,CNC100,FS
47063801QA01,CNC100,FS
47063901,CNC100,FS
47064001,CNC100,FS
47064001QA01,CNC100,FS
47064101,CNC100,None
47064101QA01,CNC100,None
47064201,CNC100,FS
47064201QA01,CNC100,FS
47064301,CNC100,FS
47064301QA01,CNC100,FS
47064401,CNC100,FS
47064401QA01,CNC100,FS
47064501,CNC100,GL
47064501QA01,CNC100,GL
47064601,CNC100,FS
47064601QA01,CNC100,FS
47064701,CNC100,GL
47064701QA01,CNC100,GL
47064801,CNC100,FS
47064801QA01,CNC100,FS
47064901,CNC100,None
47064901QA01,CNC100,None
47065001,CNC100,GL
47065001QA01,CNC100,GL
47065101,CNC100,None
47065101QA01,CNC100,None
47065201,CNC100,None
47065201QA01,CNC100,None
47065301,CNC100,None
47065301QA01,CNC100,None
47065401,CNC100,FS
47065501,CNC100,FS
47065501QA01,CNC100,FS
47065601,CNC100,None
47065601QA01,CNC100,None
47065701,CNC100,None
47065701QA01,CNC100,None
47065801,CNC100,FS
47065901,CNC100,GL
47066001,CNC100,FS
47066001QA01,CNC100,FS
47066101,CNC100,FS
47066201,CNC100,GL
47066201QA01,CNC100,GL
47066301,CNC100,GL
47066301QA01,CNC100,GL
47066401,CNC100,FSGL
47066401QA01,CNC100,FSGL
47066501,CNC100,FSGL
47066601,CNC100,FSGLTI
47066601QA01,CNC100,FSGLTI
47066701,CNC100,FSGL
47066801,CNC100,FSCX83
47066801QA01,CNC100,FSCX83
47066901,CNC100,FSGL
47067001,CNC100,GL
47067001QA01,CNC100,GL
47067101,CNC100,GL
47067201,CNC100,FSGL
47067201QA01,CNC100,FSGL
47067301,CNC100,FS2
47067301QA01,CNC100,FS2
47067401,CNC100,FS
47067501,CNC100,GL
47067601,CNC100,FSTI
47067601QA01,CNC100,FSTI
47067701,CNC100,FS2
47067801,CNC100,FS2
47067901,CNC100,FSGL
47067901QA01,CNC100,FSGL
47068001,CNC100,FS
47068101,CNC100,GL
47068101QA01,CNC100,GL
47068201,CNC100,FSGL
47068201QA01,CNC100,FSGL
47068301,CNC100,FS
47068301QA01,CNC100,FS
47068401,CNC100,FSGL
47068501,CNC100,FS
47142,D12D2,GL
47250,D12D2,None
47253,D12D2,None
47255,D12D2,UV
47265,D12D2,None
47268,D12D2,UV
47270,D12D2,GLTI
47272,D12D2,UVTI
47296,D12D2,FSGL
47297,D12D2,GLTI
47301,D12D2,GL
47305,D12D2,FSGLTI
47316,D12D2,FSGL
47346,D12D2,None
47358,D12D2,FSTI
47390,D12D2,None
47406,D12D2,None
47411,D12D2,FS
47418,D12D2,GL
47423,D12D2,TI
47425,D12D2,None
47429,D12D2,None
47430,D12D2,TI
47433,D12D2,UV
47435,D12D2,TH
47437,D12D2,UV
47520,D12D2,FS
47532,D12D2,FS
47533,D12D2,UV
47534,D12D2,GL
47556,D12D2,GL
47562,D12D2,TI
47572,D12D2,None
47573,D12D2,None
47576,D12D2,None
47580,D12D2,UV
47582,D12D2,None
47588,D12D2,GL
47592,D12D2,GL
47599,D12D2,GL
47604,D12D2,None
47608,D12D2,AU
47610,D12D2,None
47613,D12D2,None
47615,D12D2,AU
47616,D12D2,None
47621,D12D2,FS
47624,D12D2,None
47626,D12D2,None
47627,D12D2,None
47628,D12D2,None
47629,D12D2,FSGL
47631,D12D2,GL
47632,D12D2,GLDX3ASST
47639,D12D2,GL
47640,D12D2,GL
47641,D12D2,UV
47641QA01,D12D2,UV
47642,D12D2,GL
47643,D12D2,GL
47644,D12D2,UV
47646,D12D2,GL
47647,D12D2,UV
47649,D12D2,UV
47651,D12D2,UV
47652,D12D2,UV
47653,D12D2,UV
47653QA01,D12D2,UV
47654,D12D2,UV
47656,D12D2,UV
47657,D12D2,UV
47658,D12D2,GL
47660,D12D2,GL
47661,D12D2,GL
47667,D12D2,FS
47669,D12D2,UV
47672,D12D2,FS
47678,D12D2,None
47682,D12D2,None
47691,D12D2,SV
47695,D12D2,SV
47699,D12D2,SV
47705,D12D2,None
47706,D12D2,FS
47708,D12D2,None
47710,D12D2,GL
47711,D12D2,GL
47713,D12D2,GL
47714,D12D2,GL
47716,D12D2,GL
47717,D12D2,TH
47718,D12D2,GL
47722,D12D2,FS
47724,D12D2,GL
47726,D12D2,GL
47727,D12D2,GL
47728,D12D2,GL
47730,D12D2,FS
47732,D12D2,GL
47733,D12D2,FS
47733QC01,D12D2,FS
47735,D12D2,GL
47736,D12D2,FS
47737,D12D2,FS
47738,D12D2,GL
47739,D12D2,GL
47742,D12D2,FS
47747,D12D2,FS
47749,D12D2,TH
47750,D12D2,GL
47754,D12D2,GL
47759,D12D2,UV
47762,D12D2,UV
47764,D12D2,FS
47765,D12D2,FS
47768,D12D2,None
47774,D12D2,SV
47775,D12D2,GL
47777,D12D2,None
47778,D12D2,None
47781,D12D2,UV
47782,D12D2,None
47783,D12D2,None
47784,D12D2,None
47786,D12D2,UV
47787,D12D2,UV
47788,D12D2,UV
47789,D12D2,None
47790,D12D2,SV
47791,D12D2,None
47792,D12D2,None
47793,D12D2,None
47795,D12D2,None
47797,D12D2,None
47798,D12D2,None
47803,D12D2,None
47807,D12D2,None
47809,D12D2,UV
47811,D12D2,None
47812,D12D2,None
47814,D12D2,None
47815,D12D2,None
47818,D12D2,None
47819,D12D2,None
47820,D12D2,None
47823,D12D2,None
47826,D12D2,None
47827,D12D2,None
47828,D12D2,None
47831,D12D2,UV
47834,D12D2,UV
47835,D12D2,UV
47837,D12D2,UV
47840,D12D2,None
47844,D12D2,None
47846,D12D2,None
47848,D12D2,None
47850,D12D2,None
47854,D12D2,None
47855,D12D2,None
47858,D12D2,None
47860,D12D2,None
47864,D12D2,None
47865,D12D2,None
47866,D12D2,None
47869,D12D2,UV
47874,D12D2,UV
47875,D12D2,None
47877,D12D2,UV
47878,D12D2,None
47879,D12D2,None
47880,D12D2,None
47884,D12D2,UV
47885,D12D2,SV
47887,D12D2,None
47891,D12D2,UV
47897,D12D2,UV
47901,D12D2,GL
47905,D12D2,GL
47906,D12D2,GL
47908,D12D2,GL
47910,D12D2,GL
47914,D12D2,GL
47915,D12D2,GL
47916,D12D2,GL
47918,D12D2,GL
47919,D12D2,GL
47922,D12D2,GL
47927,D12D2,GL
47934,D12D2,FS
47941,D12D2,GL
47944,D12D2,GL
47945,D12D2,GL
47952,D12D2,FS
47953,D12D2,FS
47960,D12D2,GL
47962,D12D2,GL
47963,D12D2,GL
47966,D12D2,None
47967,D12D2,None
47971,D12D2,None
47972,D12D2,None
47974,D12D2,None
47980,D12D2,None
47984,D12D2,None
47990,D12D2,UV
47993,D12D2,None
47994,D12D2,None
48262,D12C2,None
48577,D12C2,UV
48643,D12C2,FS
48764,D12C2,UV
48812,D12C2,FS
48864,D12C2,None
49354,D12L2,None
49364,D12L2,None
49368,D12L2,None
49397,D12L2,None
49399,D12L2,None
49400,D12L2,None
49402,D12L2,None
49405,D12L2,None
49407,D12L2,None
49412,D12L2,None
49425,D12L2,None
49501,ASST,None
49515,ASST,None
49516,ASST,None
49616,ASST,None
50050301,D12D2,FSGL
50050401,D12D2,FSGLDX41
50050401QA01,D12D2,FSGLDX41
50050601,D12D2,FS2GL
50050701,D12D2,GL
50050901,D12D2,FSGL
50051101,D12D2,FS
50051201,D12D2,UV
50051401,D12D2,FS
50051501,D12D2,UV
50051601,D12D2,FSGLTI
50051701,D12D2,UV
50051801,D12D2,UV
50051901,D12D2,None
50052201,D12D2,None
50052301,D12D2,None
50052401,D12D2,None
50052501,D12D2,None
50052601,D12D2,None
50052601QA01,D12D2,None
50052701,D12D2,None
50052801,D12D2,None
50052901,D12D2,None
50053001,D12D2,None
50053101,D12D2,None
50053201,D12D2,None
50053301,D12D2,None
50053401,D12D2,None
50053501,D12D2,None
50053601,D12D2,None
50053701,D12D2,None
50053801,D12D2,None
50053901,D12D2,None
50056101,D12D2,GL
50056301,D12D2,None
50056401,D12D2,None
50056501,D12D2,SV
50056601,D12D2,None
50056701,D12D2,FS
50056801,D12D2,SV
50056901,D12D2,UV
50057001,D12D2,None
50057101,D12D2,None
50057201,D12D2,None
50057501,D12D2,None
50057601,D12D2,None
50057701,D12D2,None
50057801,D12D2,None
50057901,D12D2,SV
50058001,D12D2,SV
50058401,D12D2,UV
50058501,D12D2,FSTI
50058601,D12D2,FSGLTI
50058701,D12D2,FSGL
50058801,D12D2,UV
50058901,D12D2,GL
50059001,D12D2,FS
50059101,D12D2,FSGLTI
50059201,D12D2,UV
50059301,D12D2,GL
50059401,D12D2,FS
50059501,D12D2,GL
50059501QA01,D12D2,GL
50059601,D12D2,FSGL
50059701,D12D2,FSGL
50059801,D12D2,FSGLTI
50059901,D12D2,GL
50060001,D12D2,UV
50060101,D12D2,GL
50060901,D12D2,None
50061001,D12D2,None
50061101,D12D2,None
50061201,D12D2,None
50061301,D12D2,None
50061401,D12D2,None
50061501,D12D2,None
50061601,D12D2,None
50061701,D12D2,None
50061801,D12D2,UV
50061901,D12D2,None
50062001,D12D2,None
50062101,D12D2,None
50062201,D12D2,None
50062301,D12D2,None
50062401,D12D2,UV
50062501,D12D2,UV
50062601,D12D2,None
50062701,D12D2,None
50062801,D12D2,UV
50062901,D12D2,None
50063001,D12D2,UV
50063101,D12D2,None
50063201,D12D2,None
50063301,D12D2,None
50063501,D12D2,None
50063601,D12D2,UV
50063701,D12D2,SV
50063801,D12D2,UV
50063901,D12D2,None
50064001,D12D2,UV
50064101,D12D2,None
50064201,D12D2,None
50064301,D12D2,None
50064401,D12D2,None
50064501,D12D2,None
50064601,D12D2,SV
50064801,D12D2,UV
50064901,D12D2,None
50065001,D12D2,UV
50065101,D12D2,None
50065201,D12D2,None
50065301,D12D2,None
50065401,D12D2,UV
50065501,D12D2,UV
50065801,D12D2,FS
50066001,D12D2,GL
50066101,D12D2,GL
50066401,D12D2,GL
50066501,D12D2,GL
50066601,D12D2,GL
50066701,D12D2,UV
50066801,D12D2,UV
50067501,D12D2,FS2DX38
50067601,D12D2,GL
50068201,D12D2,GL
50068301,D12D2,FS
50068401,D12D2,None
50068501,D12D2,GL
50068601,D12D2,GLTI
50068701,D12D2,FSGL
50068901,D12D2,FSGL
50069001,D12D2,FSGL
50069101,D12D2,UV
50069201,D12D2,FS
50069201QA01,D12D2,FS
50069301,D12D2,GL
50069401,D12D2,FS
50069501,D12D2,FS
50069601,D12D2,FSGL
50069701,D12D2,FS
50069801,D12D2,None
50072401,D12D2,GLDX38
50072501,D12D2,FSGL
50072601,D12D2,FSGL
50072701,D12D2,None
50072801,D12D2,FS
50072901,D12D2,FSGL
50073001,D12D2,GL
50073101,D12D2,None
50073201,D12D2,GL
50073301,D12D2,FS
50073401,D12D2,FSGL
50073501,D12D2,FSGL
50073601,D12D2,GL
50073701,D12D2,GL
50073801,D12D2,GL
50073901,D12D2,SV
50074001,D12D2,GL
50074101,D12D2,GL
50074201,D12D2,UV
50074301,D12D2,GL
50074301QA01,D12D2,GL
50074401,D12D2,FSGL
50074501,D12D2,SV
50074601,D12D2,UV
50074701,D12D2,UV
50074801,D12D2,None
50074901,D12D2,UV
50075001,D12D2,FS
50075101,D12D2,FS
50075201,D12D2,FS
50075301,D12D2,FS
50075701,D12D2,SVTI
50075801,D12D2,FS
50075901,D12D2,None
50076001,D12D2,None
50076101,D12D2,None
50076201,D12D2,FS
50076301,D12D2,TH
50076401,D12D2,GL
50076501,D12D2,FSGLTI
50076601,D12D2,UV
50076701,D12D2,FSGL
50076801,D12D2,FSGL
50076901,D12D2,FSGL
50077101,D12D2,FSGL
50077201,D12D2,FSGL
50077301,D12D2,FSGL
50077401,D12D2,FSGL
50077501,D12D2,GLDX38
50077601,D12D2,FSGLTI
50077801,D12D2,GLTI
50077801QA01,D12D2,GLTI
50077901,D12D2,GLTI
50078001,D12D2,FSGL
50078101,D12D2,FSGL
50078201,D12D2,GLTI
50078301,D12D2,FSEBX-RRR
50078401,D12D2,FS
50078601,D12D2,FS
50078701,D12D2,GL
50078801,D12D2,GL
50078901,D12D2,GL
50079001,D12D2,SVTI
50079101,D12D2,GL
50079201,D12D2,GL
50079301,D12D2,GL
50079401,D12D2,TH
50079501,D12D2,None
50079601,D12D2,None
50079701,D12D2,FS
50079801,D12D2,UV
50079901,D12D2,FSGL
50080001,D12D2,FS
50080101,D12D2,None
50080201,D12D2,None
50080301,D12D2,GLDX38
50080401,D12D2,GLTI
50080501,D12D2,FSGLTI
50080601,D12D2,FSGL
50080701,D12D2,None
50080801,D12D2,GL
50080901,D12D2,FSGL
50081001,D12D2,GL
50081101,D12D2,GL
50081201,D12D2,GL
50081301,D12D2,GL
50081401,D12D2,SVTI
50081401QA01,D12D2,SVTI
50081601,D12D2,FS
50081701,D12D2,None
50081801,D12D2,GL
50081901,D12D2,UV
50082001,D12D2,FSTI
50082101,D12D2,FS
50082201,D12D2,FS
50082301,D12D2,GL
50082401,D12D2,FS
50082501,D12D2,FS
50082601,D12D2,None
50082701,D12D2,GL
50082801,D12D2,FS
50082901,D12D2,UV
50083001,D12D2,GL
50083101,D12D2,FS
50083201,D12D2,FSTI
50083301,D12D2,FS
50083301QC01,D12D2,FS
50083401,D12D2,FS
50083501,D12D2,GLTI
50083601,D12D2,GL
50083701,D12D2,UV
50083801,D12D2,None
50083801QA01,D12D2,None
50083901,D12D2,UV
50084001,D12D2,GLTI
50084101,D12D2,FS
50084201,D12D2,None
50084301,D12D2,FSGLTI
50084401,D12D2,FSGL
50084501,D12D2,FS
50084501QA01,D12D2,FS
50084601,D12D2,UV
50084601QA01,D12D2,UV
50084701,D12D2,UV
50084701QA01,D12D2,UV
50084801,D12D2,None
50084901,D12D2,UVDX38
50084901QA01,D12D2,UVDX38
50085001,D12D2,GL
50085101,D12D2,UV
50085101QA01,D12D2,UV
50085201,D12D2,FSGL
50085201QA01,D12D2,FSGL
50085301,D12D2,UV
50085401,D12D2,FSTI
50085501,D12D2,UV
50085501QA01,D12D2,UV
50085601,D12D2,None
50085701,D12D2,None
50085801,D12D2,FS
50085801QA01,D12D2,FS
50085901,D12D2,None
50086001,D12D2,TH
50086101,D12D2,THDX4ASST
50086201,D12D2,THDX4ASST
50086301,D12D2,FSGL
50086301QA01,D12D2,FSGL
50086401,D12D2,FSGL
50086401QA01,D12D2,FSGL
50086501,D12D2,FSGL
50086601,D12D2,THDX50
50086701,D12D2,THDX50
50086701QA01,D12D2,THDX50
50086801,D12D2,THDX50
50086901,D12D2,THDX50
50087001,D12D2,THDX50
50087101,D12D2,THDX50
50087201,D12D2,THDX50
50087301,D12D2,GL
5310DA01,BAN,None
5316DA01,BAN,None
54244,BOOKMARKS,None
54257,BOOKMARKS,None
54288,BOOKMARKS,None
54292,BOOKMARKS,None
54294,BOOKMARKS,None
54301,BOOKMARKS,None
54309,BOOKMARKS,None
54314,BOOKMARKS,None
54315,BOOKMARKS,None
54318,BOOKMARKS,None
54319,BOOKMARKS,None
55198,D12C2,None
55199,D12C2,None
55209,D12C2,None
55235,D12C2,GL
55240,D12C2,GL
55251,D12C2,GL
55271,D12C2,None
55461,D12C2,None
55469,D12C2,FS
55624,D12C2,GL
55633,D12C2,GL
55781,D12C2,GL
55786,D12C2,GL
55904,D12C2,UV
55940,D12C2,FSEBX-RRTI
55955,D12C2,None
55956,D12C2,None
56003,MUGIH,IN HOUSE
56155,MUGIH,IN HOUSE
56392,MUGXMAS,IN HOUSE
56411,MUGXMAS,IN HOUSE
56413,MUGXMAS,IN HOUSE
56416,MUGXMAS,IN HOUSE
56417,MUGXMAS,IN HOUSE
56433,MUGXMAS,IN HOUSE
56434,MUGXMAS,IN HOUSE
56435,MUGXMAS,IN HOUSE
56436,MUGXMAS,IN HOUSE
56438,MUGXMAS,IN HOUSE
56439,MUGXMAS,IN HOUSE
56440,MUGXMAS,IN HOUSE
56463,MUGXMAS,IN HOUSE
56464,MUGXMAS,IN HOUSE
56465,MUGXMAS,IN HOUSE
56466,MUGXMAS,IN HOUSE
56467,MUGXMAS,IN HOUSE
56468,MUGXMAS,IN HOUSE
56469,MUGXMAS,IN HOUSE
56470,MUGXMAS,IN HOUSE
57050201,DNC100,FSGL
57050501,DNC100,FS
57050601,DNC100,FS
57050601QA01,DNC100,FS
57050701,DNC100,FS
57050701QA01,DNC100,FS
57050801,DNC100,GL
57050901,DNC100,FS
57051001,DNC100,None
57051101,DNC100,None
57051201,DNC100,FS
57051301,DNC100,FS
57051401,DNC100,FS
57051501,DNC100,FS
57051701,DNC100,FS
57051801,DNC100,None
57051901,DNC100,FS
57052101,DNC100,GL
57052201,DNC100,FS
57052301,DNC100,FS
57052401,DNC100,FS
57052501,DNC100,GLEBX-YYY
57052601,DNC100,EBX-CC
57053201,DNC100,EBX-4
57054001,DNC100,EBX-4
57054201,DNC100,EBX-CC
57054501,DNC100,FSGLTI
57054701,DNC100,GLDX38
57055101,DNC100,GLDX38
57055501,DNC100,GLDX38
57055601,DNC100,GLDX38
57055701,DNC100,GLDX38
57055801,DNC100,GLDX38
57056201,DNC100,EBX-84
57056201QA01,DNC100,EBX-84
57056301,DNC100,GL
57056501,DNC100,FS
57056601,DNC100,FSGL
57056801,DNC100,FS
57056901,DNC100,FS
57057001,DNC100,FSGL
57057101,DNC100,FSGL
57057201,DNC100,FS
57057301,DNC100,FS
57057401,DNC100,FS
57057501,DNC100,FSGL
57057701,DNC100,GL
57057901,DNC100,GL
57058001,DNC100,EBX-75
57058101,DNC100,None
57058201,DNC100,None
57058301,DNC100,EBX-CC
57058301QA01,DNC100,EBX-CC
57058401,DNC100,EBX-3
57058401QA01,DNC100,EBX-3
57058501,DNC100,EBX-4
57058601,DNC100,EBX-ASST
57058701,DNC100,EBX-A
57058801,DNC100,EBX-4
57058901,DNC100,EBX-3
57058901QA01,DNC100,EBX-3
57059001,DNC100,EBX-4
57059101,DNC100,EBX-84
57059201,DNC100,EBX-3
57059301,DNC100,EBX-ASST
57059401,DNC100,EBX-4
57059501,DNC100,EBX-4
57059601,DNC100,EBX-83
57059701,DNC100,EBX-A
57059701QA01,DNC100,EBX-A
57059801,DNC100,EBX-A
57059901,DNC100,EBX-88
57060001,DNC100,EBX-84
57060101,DNC100,EBX-101
57060201,DNC100,EBX-84
57060301,DNC100,EBX-CC
57060301QA01,DNC100,EBX-CC
57060401,DNC100,EBX-4
57060501,DNC100,GL
57060601,DNC100,FS
57060601QA01,DNC100,FS
57060701,DNC100,GL
57060801,DNC100,GL
57060901,DNC100,FS
57060901QA01,DNC100,FS
57061001,DNC100,None
57061001QA01,DNC100,None
57061101,DNC100,None
57061201,DNC100,GL
57061201QA01,DNC100,GL
57061301,DNC100,FS
57061301QA01,DNC100,FS
57598,CNC130,GLEBX-OOOPI
57609,CNC130,GLTI
57615,CNC130,FSGL
57616,CNC130,GLEBX-OOOPI
57621,CNC130,FSTI
57622,CNC130,FS2TI
57623,CNC130,FSGLTI
57626,CNC130,GLEBX-WWW
57627,CNC130,GLEBX-VVVTI
57628,CNC130,FSTI
58050101,DNC130,FS
59544,D12C2,None
60050101QC01,D12Q2,GL
60050201QC01,D12Q2,TH
60050301QC01,D12Q2,UV
60050501,D12Q2,FS
60050501QC01,D12Q2,FS
60050601,D12Q2,UV
60050601QC01,D12Q2,UV
60050701,D12Q2,UV
60050701QC01,D12Q2,UV
60050801,D12Q2,FSGL
60050801QC01,D12Q2,FSGL
60051001,D12Q2,UV
60051001QA01,D12Q2,UV
60523,CNC100,GL
60526,CNC100,None
60543,CNC100,None
60545,CNC100,None
60563,CNC100,FS
60563QC01,CNC100,FS
60568,CNC100,TH
60569,CNC100,TI
60577,CNC100,GL
60578,CNC100,GL
60583,CNC100,GL
60585,CNC100,TH
60586,CNC100,GL
60589,CNC100,None
60599,CNC100,FSGL
60599QC01,CNC100,FSGL
60601,CNC100,GL
60601QC01,CNC100,GL
60603,CNC100,GL
60604,CNC100,GL
60608,CNC100,GL
60608QC01,CNC100,GL
60609,CNC100,GLTI
60614,CNC100,None
60616,CNC100,GL
60617,CNC100,GL
60630,CNC100,GLTI
60641,CNC100,FSGL
60642,CNC100,GL
60643,CNC100,GL
60644,CNC100,None
60659,CNC100,None
60668,CNC100,FSGL
61050201,QNC100,FSGL
61050301,QNC100,None
61050401QC01,QNC100,GL
61050501QC01,QNC100,GL
61050601QC01,QNC100,GL
61050701QC01,QNC100,FS
61050801QC01,QNC100,None
61050901QC01,QNC100,None
61577,MAGLP,None
61661,MAGLP,None
61674,MAGLP,None
61689,MAGLP,None
61705,MAGLP,None
61736,MAGLP,None
61739,MAGLP,None
61741,MAGLP,None
61743,MAGLP,None
61756,MAGLP,None
61757,MAGLP,None
61772,MAGLP,None
61773,MAGLP,None
61779,MAGLP,None
61785,MAGLP,None
61786,MAGLP,None
61787,MAGLP,None
61788,MAGLP,None
61789,MAGLP,None
61795,MAGLP,None
61797,MAGLP,None
61798,MAGLP,None
61799,MAGLP,None
61800,MAGLP,None
61801,MAGLP,None
61802,MAGLP,None
61803,MAGLP,None
61804,MAGLP,None
61805,MAGLP,None
61806,MAGLP,None
61807,MAGLP,None
61820,MAGLP,None
61821,MAGLP,None
61822,MAGLP,None
61823,MAGLP,None
61824,MAGLP,None
61825,MAGLP,None
63012,NOTEPADSM,None
63015,NOTEPADSM,None
63064,NOTEPADSM,None
63078,NOTEPADSM,None
63091,NOTEPADSM,None
63097,NOTEPADSM,None
63107,NOTEPADSM,None
63124,NOTEPADSM,None
63129,NOTEPADSM,None
63132,NOTEPADSM,None
63133,NOTEPADSM,None
63135,NOTEPADSM,None
63136,NOTEPADSM,None
63138,NOTEPADSM,None
63139,NOTEPADSM,None
63140,NOTEPADSM,None
63141,NOTEPADSM,None
63142,NOTEPADSM,None
63143,NOTEPADSM,None
63144,NOTEPADSM,None
63145,NOTEPADSM,None
63146,NOTEPADSM,None
63159,NOTEPADSM,None
63160,NOTEPADSM,None
63161,NOTEPADSM,None
63162,NOTEPADSM,None
65040,D12P2,None
65071,D12P2,SV
65136,D12P2,None
65164,D12P2,None
65177,D12P2,SV
65185,D12P2,None
65188,D12P2,SV
65191,D12P2,SV
65192,D12P2,SV
65195,D12P2,None
65199,D12P2,None
65201,D12P2,SV
65202,D12P2,SV
65204,D12P2,SV
65205,D12P2,SV
65211,D12P2,SV
65212,D12P2,SV
65213,D12P2,SV
65214,D12P2,SV
65222,D12P2,SV
65223,D12P2,SV
65224,D12P2,SV
65225,D12P2,None
65226,D12P2,SV
65227,D12P2,SV
65231,D12P2,SV
65232,D12P2,None
65233,D12P2,None
65234,D12P2,SV
65235,D12P2,None
65236,D12P2,None
65238,D12P2,None
65239,D12P2,SV
65240,D12P2,SV
65242,D12P2,None
65244,D12P2,SV
65245,D12P2,SV
65246,D12P2,None
65248,D12P2,None
65250,D12P2,SV
65253,D12P2,SV
65257,D12P2,None
65261,D12P2,SV
65263,D12P2,SV
65267,D12P2,SV
67086DA01,MAGNT,None
67175DA01,MAGNT,None
67190DA01,MAGNT,None
67203DA01,MAGNT,None
67293DA01,MAGNT,None
67328DA01,MAGNT,None
67345DA01,MAGNT,None
67364DA01,MAGNT,None
67391DA01,MAGNT,None
67402DA01,MAGNT,None
67406DA01,MAGNT,None
67418DA01,MAGNT,None
67421DA01,MAGNT,None
67441DA01,MAGNT,None
67477DA01,MAGNT,None
67479DA01,MAGNT,None
67487DA01,MAGNT,None
67502DA01,MAGNT,None
67506DA01,MAGNT,None
67507DA01,MAGNT,None
67511DA01,MAGNT,None
67513DA01,MAGNT,None
67515DA01,MAGNT,None
67522DA01,MAGNT,None
67529DA01,MAGNT,None
67531DA01,MAGNT,None
67532DA01,MAGNT,None
67534DA01,MAGNT,None
69003,D12D2,UV
69005,D12D2,None
69007,D12D2,UV
69011,D12D2,None
69014,D12D2,None
69015,D12D2,None
69016,D12D2,None
69017,D12D2,None
69019,D12D2,None
69021,D12D2,None
69022,D12D2,None
69023,D12D2,None
69025,D12D2,UV
69027,D12D2,None
69028,D12D2,None
69029,D12D2,None
69030,D12D2,None
69035,D12D2,None
69037,D12D2,None
69040,D12D2,UV
69042,D12D2,None
69043,D12D2,None
69044,D12D2,UV
69045,D12D2,None
69049,D12D2,UV
69051,D12D2,None
69054,D12D2,UV
69056,D12D2,FS
69072,D12D2,UV
69074,D12D2,None
69077,D12D2,None
69080,D12D2,None
69082,D12D2,UV
69085,D12D2,None
69087,D12D2,FS
69089,D12D2,None
69091,D12D2,TI
69095,D12D2,None
69100,D12D2,None
69101,D12D2,None
69102,D12D2,None
69106,D12D2,None
69109,D12D2,GL
69114,D12D2,None
69115,D12D2,GLDX38
69116,D12D2,UV
69118,D12D2,GL
69123,D12D2,FS
69128,D12D2,None
69130,D12D2,GL
69132,D12D2,GL
69134,D12D2,UV
69135,D12D2,None
69136,D12D2,UV
69138,D12D2,GL
69144,D12D2,FS
69145,D12D2,None
69147,D12D2,None
69148,D12D2,UV
69149,D12D2,None
69150,D12D2,FS
69154,D12D2,None
69198,D12D2,GL
69199,D12D2,GL
69200,D12D2,GL
69202,D12D2,UV
69204,D12D2,FS
69206,D12D2,None
69208,D12D2,GL
69210,D12D2,None
69213,D12D2,None
69219,D12D2,GL
69220,D12D2,GL
69224,D12D2,None
69227,D12D2,None
69291,D12D2,None
69292,D12D2,UV
69294,D12D2,None
69299,D12D2,None
69300,D12D2,UV
69302,D12D2,FS
69304,D12D2,UV
69305,D12D2,UV
69306,D12D2,FS
69307,D12D2,GL
69308,D12D2,GL
69309,D12D2,AU
69310,D12D2,GL
69311,D12D2,GL
69318,D12D2,GLDX3ASST
69318QC01,D12D2,GLDX3ASST
69320,D12D2,GLDX38
69322,D12D2,None
69323,D12D2,None
69324,D12D2,FS
69325,D12D2,UV
69326,D12D2,None
69329,D12D2,None
69334,D12D2,UV
69335,D12D2,FSGLTI
69338,D12D2,UV
69339,D12D2,UV
69340,D12D2,FSGLTI
69343,D12D2,None
69344,D12D2,None
69345,D12D2,FSGLTI
69346,D12D2,GLTI
69347,D12D2,FS
69348,D12D2,FS
69349,D12D2,GLTI
69352,D12D2,None
69352QA01,D12D2,None
69353,D12D2,FS
69353QA01,D12D2,FS
69354,D12D2,FS
69357,D12D2,GL
69359,D12D2,UV
69362,D12D2,None
69363,D12D2,UV
69367,D12D2,GL
69369,D12D2,FS
69371,D12D2,GLDX38
69372,D12D2,UV
69374,D12D2,FS
69375,D12D2,None
69376,D12D2,FSTI
69378,D12D2,GL
69379,D12D2,None
69380,D12D2,FS
69382,D12D2,FSTI
69383,D12D2,GL
69385,D12D2,SV
69386,D12D2,GL
69387,D12D2,UV
69388,D12D2,UV
69390,D12D2,GLTI
69391,D12D2,SVFSEBX-XXXTI
69392,D12D2,None
69393,D12D2,FS
69394,D12D2,UV
69395,D12D2,FS
74151,CXLST2,FS
74623,CXLST2,None
74623C,CXLST2,None
74636,CXLST2,None
74750,CXLST2,FS
74877,CXLST2,None
74900,CXLST2,None
75087,CXLST2,None
75278,CXLST2,None
75279,CXLST2,None
75378,CXLST2,None
75446,CXLST2,FS
75454,CXLST2,FS
75493,CXLST2,None
75522,CXLST2,None
75532,CXLST2,None
75533,CXLST2,None
75588,CXLST2,UV
75594,CXLST2,FS
75642,CXLST2,None
75698,CXLST2,None
75849,CXLST2,GL
75861,CXLST2,None
75964,CXLST2,None
75969,CXLST2,None
75982,CXLST2,FS
75988,CXLST2,FS
75995,CXLST2,FS
76022,CXLST2,None
76033,CXLST2,FS
76044,CXLST2,FS
76052,CXLST2,FS
76082,CXLST2,GL
76093,CXLST2,FS
76112,CXLST2,None
76113,CXLST2,FS
76113QA01,CXLST2,FS
76115,CXLST2,None
76116,CXLST2,None
76117,CXLST2,None
76117QA01,CXLST2,None
76135,CXLST2,FS
76135QA01,CXLST2,FS
76136,CXLST2,None
76136QA01,CXLST2,None
76144,CXLST2,FS
76144QA01,CXLST2,FS
76149,CXLST2,FS
76149QA01,CXLST2,FS
76150,CXLST2,None
76152,CXLST2,None
76152QA01,CXLST2,None
76154,CXLST2,None
76154QA01,CXLST2,None
76157,CXLST2,None
76157QA01,CXLST2,None
76158,CXLST2,FS
76158QA01,CXLST2,FS
76159,CXLST2,None
76159QA01,CXLST2,None
76160,CXLST2,FS
76161,CXLST2,None
76161QA01,CXLST2,None
76162,CXLST2,GL
76162QA01,CXLST2,GL
76163,CXLST2,None
76164,CXLST2,FS
76164QA01,CXLST2,FS
76165,CXLST2,FS
76165QA01,CXLST2,FS
76166,CXLST2,None
76166QA01,CXLST2,None
76167,CXLST2,None
76168,CXLST2,None
76168QA01,CXLST2,None
76169,CXLST2,FS
76169QA01,CXLST2,FS
76170,CXLST2,FS
76170QA01,CXLST2,FS
76171,CXLST2,FS
76171QA01,CXLST2,FS
76172,CXLST2,None
76172QA01,CXLST2,None
76173,CXLST2,None
76174,CXLST2,FS
76174QA01,CXLST2,FS
76175,CXLST2,FS
76176,CXLST2,None
76176QA01,CXLST2,None
76177,CXLST2,FS
76177QA01,CXLST2,FS
76178,CXLST2,FS
76178QA01,CXLST2,FS
76179,CXLST2,FS
76179QA01,CXLST2,FS
76180,CXLST2,SV
76181,CXLST2,FSCB21
76182,CXLST2,GL
76182QA01,CXLST2,GL
76183,CXLST2,None
76184,CXLST2,None
76184QA01,CXLST2,None
76185,CXLST2,None
76185QA01,CXLST2,None
76186,CXLST2,None
76186QA01,CXLST2,None
76187,CXLST2,None
76187QA01,CXLST2,None
76219,CXLST2,None
76220,CXLST2,FS
76220QA01,CXLST2,FS
76221,CXLST2,FS
76221QA01,CXLST2,FS
76222,CXLST2,FS
76223,CXLST2,GL
76223QA01,CXLST2,GL
76224,CXLST2,FS
76225,CXLST2,GL
76225QA01,CXLST2,GL
76226,CXLST2,FS
76227,CXLST2,FS
76227QA01,CXLST2,FS
76228,CXLST2,FS
76229,CXLST2,GL
76230,CXLST2,FS
76230QA01,CXLST2,FS
76231,CXLST2,FSCB21
76232,CXLST2,FS
76232QA01,CXLST2,FS
76233,CXLST2,GL
76234,CXLST2,FS
76234QA01,CXLST2,FS
76235,CXLST2,FS
76235QA01,CXLST2,FS
76236,CXLST2,GL
76237,CXLST2,GL
76237QA01,CXLST2,GL
76238,CXLST2,GL
76238QA01,CXLST2,GL
76239,CXLST2,GL
76239QA01,CXLST2,GL
76240,CXLST2,UV
76240QA01,CXLST2,UV
76241,CXLST2,GL
76242,CXLST2,UV
76243,CXLST2,FS
76243QA01,CXLST2,FS
76244,CXLST2,GL
76244QA01,CXLST2,GL
76245,CXLST2,None
76245QA01,CXLST2,None
76246,CXLST2,FS
76246QA01,CXLST2,FS
76247,CXLST2,None
76248,CXLST2,GL
76248QA01,CXLST2,GL
76249,CXLST2,UV
76249QA01,CXLST2,UV
76250,CXLST2,None
76250QA01,CXLST2,None
76251,CXLST2,None
76251QA01,CXLST2,None
76252,CXLST2,None
76253,CXLST2,FS
76253QA01,CXLST2,FS
76254,CXLST2,FS
76254QA01,CXLST2,FS
76255,CXLST2,GL
76255QA01,CXLST2,GL
76256,CXLST2,FS
76256QA01,CXLST2,FS
76257,CXLST2,UV
76257QA01,CXLST2,UV
76258,CXLST2,FS
76258QA01,CXLST2,FS
76259,CXLST2,FS
76259QA01,CXLST2,FS
76260,CXLST2,FS
76260QA01,CXLST2,FS
76261,CXLST2,GL
76261QA01,CXLST2,GL
76262,CXLST2,GL
76262QA01,CXLST2,GL
76263,CXLST2,GL
76263QA01,CXLST2,GL
76265,CXLST2,None
76265QA01,CXLST2,None
76266,CXLST2,FS
76267,CXLST2,GL
76268,CXLST2,GL
76268QA01,CXLST2,GL
76269,CXLST2,FS
76269QA01,CXLST2,FSCB21
76270,CXLST2,None
76271,CXLST2,GL
76272,CXLST2,GL
76273,CXLST2,None
76274,CXLST2,GL
76274QA01,CXLST2,GL
81039,DNC100,EBX88
81061,DNC100,GLEBX-K
81168,DNC100,EBX-A
81308,DNC100,None
81310,DNC100,DX3ASST
81337,DNC100,DX47
81357,DNC100,TI
81366,DNC100,None
81369,DNC100,FS
81370,DNC100,GL
81372,DNC100,TI
81381,DNC100,GL
81382,DNC100,DX3ASST
81384,DNC100,PI
81386,DNC100,GL
81394,DNC100,None
81395,DNC100,DX47
81396,DNC100,FSTI
81397,DNC100,EBX-4
81399,DNC100,GL
81400,DNC100,None
81401,DNC100,GL
81403,DNC100,None
81404,DNC100,FSGL
81405,DNC100,None
82219,D12C2,UV
82226,D12C2,UV
82230,D12C2,GLCX76
82230QC01,D12C2,GLCX76
82241,D12C2,GL
82254,D12C2,None
82255,D12C2,None
82257,D12C2,None
82314,D12C2,TH
82315,D12C2,FSTI
82345,D12C2,UV
82355,D12C2,None
82356,D12C2,None
82358,D12C2,None
82361,D12C2,None
82362,D12C2,None
82362QA01,D12C2,None
82364,D12C2,None
82365,D12C2,None
82366,D12C2,None
82368,D12C2,FS
82369,D12C2,None
82371,D12C2,None
82373,D12C2,None
82375,D12C2,TH
82377,D12C2,None
82381,D12C2,None
82383,D12C2,SV
82385,D12C2,UV
82387,D12C2,None
82388,D12C2,UV
82391,D12C2,None
82392,D12C2,FS
82393,D12C2,FS
82396,D12C2,FS
82403,D12C2,UV
82405,D12C2,SV
82406,D12C2,SV
82469,D12C2,GL
82495,D12C2,SV
82496,D12C2,None
82497,D12C2,UV
82498,D12C2,UV
82499,D12C2,None
82500,D12C2,None
82506,D12C2,None
82507,D12C2,TH
82508,D12C2,None
82509,D12C2,None
82510,D12C2,None
82511,D12C2,None
82512,D12C2,None
82513,D12C2,None
82514,D12C2,TH
82515,D12C2,None
82516,D12C2,UV
82517,D12C2,None
82520,D12C2,SV
82524,D12C2,None
82525,D12C2,GL
82525QA01,D12C2,GL
82526,D12C2,None
82582,D12C2,UV
82583,D12C2,FS2
82584,D12C2,FS
82585,D12C2,UV
82586,D12C2,UV
82587,D12C2,UV
82609,D12C2,FS
90205,ASSTXMAS,None
90205A,ASSTXMAS,None
90208,ASSTXMAS,None
90208A,ASSTXMAS,None
90215,ASSTXMAS,None
90215A,ASSTXMAS,None
90218,ASSTXMAS,None
90218A,ASSTXMAS,None
90243,ASSTXMAS,None
90243A,ASSTXMAS,None
90252,ASSTXMAS,None
90252A,ASSTXMAS,None
90277,ASSTXMAS,None
90277A,ASSTXMAS,None
90280,ASSTXMAS,None
90280A,ASSTXMAS,None
90300,ASSTXMAS,None
90300A,ASSTXMAS,None
90301,ASSTXMAS,None
90301A,ASSTXMAS,None
90302,ASSTXMAS,None
90302A,ASSTXMAS,None
90303,ASSTXMAS,None
90303A,ASSTXMAS,None
90305,ASSTXMAS,None
90305A,ASSTXMAS,None
90309,ASSTXMAS,None
90309A,ASSTXMAS,None
90311,ASSTXMAS,None
90311A,ASSTXMAS,None
90312,ASSTXMAS,None
90312A,ASSTXMAS,None
90313,ASSTXMAS,None
90313A,ASSTXMAS,None
90315,ASSTXMAS,None
90315A,ASSTXMAS,None
90316,ASSTXMAS,None
90316A,ASSTXMAS,None
90317,ASSTXMAS,None
90317A,ASSTXMAS,None
90318,ASSTXMAS,None
90318A,ASSTXMAS,None
90320,ASSTXMAS,None
90320A,ASSTXMAS,None
90321,ASSTXMAS,None
90321A,ASSTXMAS,None
90322,ASSTXMAS,None
90322A,ASSTXMAS,None
90323,ASSTXMAS,None
90323A,ASSTXMAS,None
90608A,ASSTEVDAY,None
90615A,ASSTEVDAY,None
90633A,ASSTEVDAY,None
90737A,ASSTEVDAY,None
90740A,ASSTEVDAY,None
90747A,ASSTEVDAY,None
90760A,ASSTEVDAY,None
90762A,ASSTEVDAY,None
90771A,ASSTEVDAY,None
90791A,ASSTEVDAY,None
90796A,ASSTEVDAY,None
90798A,ASSTEVDAY,None
90802A,ASSTEVDAY,None
90805A,ASSTEVDAY,None
90806A,ASSTEVDAY,None
90807A,ASSTEVDAY,None
90808A,ASSTEVDAY,None
90810A,ASSTEVDAY,None
90812A,ASSTEVDAY,None
90813A,ASSTEVDAY,None
90815A,ASSTEVDAY,None
90816A,ASSTEVDAY,None
90817A,ASSTEVDAY,None
90820A,ASSTEVDAY,None
90821A,ASSTEVDAY,None
90822A,ASSTEVDAY,None
90823A,ASSTEVDAY,None
90824A,ASSTEVDAY,None
91189,D12B2,VP1
91281,D12B2,VP1
91365,D12B2,VP1
92663,D12B2,GL
92747,D12B2,None
92748,D12B2,None
92855,D12B2,None
92859,D12B2,None
92942,D12B2,None
92945,D12B2,VP1
93008,D12B2,None
93009,D12B2,None
93088,D12B2,None
93092,D12B2,None
93156,D12B2,None
93258,D12B2,VP1
93260,D12B2,GL
93261,D12B2,None
93262,D12B2,SV
93264,D12B2,VP1
93265,D12B2,None
93266,D12B2,None
93290,D12B2,None
93291,D12B2,None
93292,D12B2,None
93293,D12B2,None
93299,D12B2,None
93300,D12B2,None
93301,D12B2,None
93302,D12B2,None
93303,D12B2,FS
93303QA01,D12B2,FS
93304,D12B2,None
93305,D12B2,None
93305QA01,D12B2,None
93306,D12B2,GL
93307,D12B2,FS
93307QA01,D12B2,FS
93308,D12B2,None
93309,D12B2,None
93310,D12B2,None
93311,D12B2,None
93312,D12B2,None
93313,D12B2,None
93314,D12B2,None
93315,D12B2,None
93316,D12B2,None
93317,D12B2,None
93318,D12B2,None
93319,D12B2,None
93319QA01,D12B2,None
93320,D12B2,None
93321,D12B2,None
93321QA01,D12B2,None
93322,D12B2,None
93323,D12B2,None
93324,D12B2,None
93325,D12B2,None
93326,D12B2,None
93327,D12B2,GL
93328,D12B2,FS
93328QA01,D12B2,FS
93329,D12B2,GL
93330,D12B2,UV
93330QA01,D12B2,UV
93331,D12B2,None
93332,D12B2,None
93333,D12B2,None
93334,D12B2,None
93334QA01,D12B2,None
93335,D12B2,FS
93336,D12B2,None
93337,D12B2,None
93338,D12B2,None
93338QA01,D12B2,None
93339,D12B2,None
93340,D12B2,FS
93341,D12B2,GL
93342,D12B2,None
93343,D12B2,None
93343QA01,D12B2,None
93344,D12B2,None
93345,D12B2,None
93345QA01,D12B2,None
93346,D12B2,None
93347,D12B2,None
93347QA01,D12B2,None
93348,D12B2,FS
93349,D12B2,GL
93350,D12B2,FS
93350QA01,D12B2,FS
93351,D12B2,FS
93351QA01,D12B2,FS
93352,D12B2,None
93353,D12B2,FS
93353QA01,D12B2,FS
93354,D12B2,GL
93355,D12B2,UV
93356,D12B2,None
93357,D12B2,None
93358,D12B2,None
93359,D12B2,None
93360,D12B2,TH
93361,D12B2,TH
93361QA01,D12B2,TH
93362,D12B2,TH
93363,D12B2,TH
93364,D12B2,TH
93365,D12B2,TH
93366,D12B2,TH
93366QA01,D12B2,TH
93367,D12B2,TH
95583QA01,D12TN,GL
95733QA01,D12TN,GL
95744,D12TN,TH
95745,D12TN,GL
95746,D12TN,None
95747,D12TN,GL
95749,D12TN,GL
95750,D12TN,TH
95752,D12TN,TH
95753,D12TN,None
95754,D12TN,GL
95756,D12TN,GL
95757,D12TN,None
95758,D12TN,GL
95759,D12TN,GL
95760,D12TN,TH
95761,D12TN,GL
95763,D12TN,None
95769,D12TN,GL
95771,D12TN,FS
95772,D12TN,SV
95773,D12TN,FS
95774,D12TN,None
95775,D12TN,GL
95776,D12TN,None
95777,D12TN,GL
95778,D12TN,GL
95779,D12TN,None
95780,D12TN,GL
95782,D12TN,GL
95783,D12TN,GL
95784,D12TN,GL
95784QA01,D12TN,GL
95785,D12TN,None
95785QA01,D12TN,None
95786,D12TN,GL
95788,D12TN,None
95789,D12TN,None
95790,D12TN,GL
95791,D12TN,None
95793,D12TN,GL
95794,D12TN,None
95795,D12TN,GL
95796,D12TN,None
95797,D12TN,GL
95798,D12TN,GL
95800,D12TN,GL
95801,D12TN,GL
95802,D12TN,GL
95803,D12TN,GL
95804,D12TN,GL
95805,D12TN,None
95806,D12TN,GL
95807,D12TN,GL
95808,D12TN,None
95809,D12TN,GL
95810,D12TN,GL
95811,D12TN,GL
95812,D12TN,GL
95813,D12TN,GL
95814,D12TN,GL
95815,D12TN,GL
95816,D12TN,None
95817,D12TN,None
95818,D12TN,None
95819,D12TN,GL
95820,D12TN,None
95821,D12TN,None
95822,D12TN,TH
95823,D12TN,None
95824,D12TN,GL
95825,D12TN,None
95826,D12TN,GL
95827,D12TN,GL
95828,D12TN,None
95829,D12TN,None
95830,D12TN,None
95832,D12TN,GL
95833,D12TN,None
95834,D12TN,None
95835,D12TN,None
95836,D12TN,None
95837,D12TN,None
95838,D12TN,None
95840,D12TN,None
95841,D12TN,None
95842,D12TN,None
95843,D12TN,GL
95844,D12TN,None
95845,D12TN,None
95846,D12TN,GL
95847,D12TN,None
95849,D12TN,None
95850,D12TN,GL
95851,D12TN,None
95852,D12TN,None
95853,D12TN,None
95854,D12TN,None
95855,D12TN,None
95856,D12TN,None
95857,D12TN,GL
95858,D12TN,FS
95859,D12TN,GL
95860,D12TN,None
95861,D12TN,None
95862,D12TN,None
95863,D12TN,None
95864,D12TN,None
95865,D12TN,GL
95866,D12TN,None
95868,D12TN,GL
95869,D12TN,None
95870,D12TN,None
95871,D12TN,None
95872,D12TN,TH
95873,D12TN,GL
95874,D12TN,GL
95875,D12TN,GL
95876,D12TN,None
95877,D12TN,None
95879,D12TN,GL
95880,D12TN,GL
95884,D12TN,GL
95885,D12TN,None
95886,D12TN,GL
95888,D12TN,GL
95890,D12TN,GL
95891,D12TN,GL
95892,D12TN,TH
95893,D12TN,GL
95894,D12TN,None
95895,D12TN,None
95896,D12TN,GL
95897,D12TN,GL
95898,D12TN,GL
95901,D12TN,None
95902,D12TN,GL
95903,D12TN,TH
95904,D12TN,None
95905,D12TN,None
95906,D12TN,None
95907,D12TN,GL
95908,D12TN,GL
95909,D12TN,None
95911,D12TN,None
95912,D12TN,None
95915,D12TN,GL
95916,D12TN,TH
95917,D12TN,GL
95918,D12TN,None
95919,D12TN,TH
95920,D12TN,GL
95921,D12TN,FS
95922,D12TN,GL
95923,D12TN,None
95924,D12TN,GL
95925,D12TN,TH
95926,D12TN,GL
95927,D12TN,None
95928,D12TN,FS
95929,D12TN,None
95930,D12TN,GL
95931,D12TN,TH
95931QA01,D12TN,TH
95932,D12TN,TH
95932QA01,D12TN,TH
95933,D12TN,FS
95934,D12TN,TH
95935,D12TN,TH
95935QA01,D12TN,TH
95936,D12TN,UV
95937,D12TN,TH
95938,D12TN,None
95938QA01,D12TN,None
95939,D12TN,GL
95940,D12TN,FS
95941,D12TN,FS
95941QA01,D12TN,FS
96000,NNC100,FSEASST
96003,NNC100,FSGLNT1
96004,NNC100,FSGLNT1
96005,NNC100,FSGLNT1
96007,NNC100,FSGLNT1
96008,NNC100,FSGLNT1
96009,NNC100,FSGLNT1
96010,NNC100,FSGLNT1
96013,NNC100,FSGLNT1
96015,NNC100,FSGLNT1
96016,NNC100,FSGLNT1
96019,NNC100,FSGLNT1
96019QA01,NNC100,FSGLNT1
96020,NNC100,FS2NT1
96021,NNC100,FSGLNT1
96021QA01,NNC100,FSGLNT1
96022,NNC100,FSGLNT1
96022QA01,NNC100,FSGLNT1
96023,NNC100,FSGLNT1
96023QA01,NNC100,FSGLNT1
96024,NNC100,FSGLNT1
96024QA01,NNC100,FSGLNT1
96025,NNC100,FSGLNT1
96026,NNC100,FSGLNT1
96027,NNC100,FSGLNT1
96028,NNC100,FSGLNT1
96029,NNC100,FSGLNT1
96032,NNC100,FSGLNT1
96032QA01,NNC100,FSGLNT1
96033,NNC100,FSGLNT1
96034,NNC100,FSGLNT1
96035,NNC100,FS2NT4
96036,NNC100,None
96037,NNC100,None
96038,NNC100,FS
96039,NNC100,None
96039QA01,NNC100,None
96040,NNC100,None
96040QA01,NNC100,None
96041,NNC100,GL
96042,NNC100,None
96042QA01,NNC100,None
96043,NNC100,None
96044,NNC100,FSNT4
96045,NNC100,FSNT1
96046,NNC100,FSGLNT1
96047,NNC100,FSGLNT1
96048,NNC100,FSGLNT1
96049,NNC100,FSGLNT1
96050,NNC100,FSGLNT1
96051,NNC100,FSGLNT1
96051QA01,NNC100,FSGLNT1
96052,NNC100,FSGLNT1
96053,NNC100,FSGLNT1
96055,NNC100,FSGLNT1
96058,NNC100,FSGLNT1
96063,NNC100,FSGLNT1
96063QA01,NNC100,FSGLNT1
96064,NNC100,FSGLNT1
96064QA01,NNC100,FSGLNT1
96065,NNC100,FSGLNT1
96066,NNC100,FSGLNT1
96068,NNC100,FSGLNT1
96070,NNC100,FSGLNT1
96071,NNC100,FSGLNT1
96072,NNC100,FSGLNT1
96074,NNC100,FSGLNT1
96076,NNC100,FSGLNT1
96077,NNC100,FSGLNT1
96079,NNC100,FSGLNT1
96079QA01,NNC100,FSGLNT1
96082,NNC100,FSNT1
96083,NNC100,FSGLNT1
96084,NNC100,FSGLNT1
96085,NNC100,FSNT1
96086,NNC100,FSGLNT1
96087,NNC100,FSGLNT1
96087QA01,NNC100,FSGLNT1
96088,NNC100,FSGLNT1
96088QA01,NNC100,FSGLNT1
96091,NNC100,FSGLNT1
96093,NNC100,FSE1NT2
96093QA01,NNC100,FSE1NT2
96094,NNC100,FSE2NT2
96097,NNC100,FSGLNT1
96099,NNC100,FSGLNT1
96100,NNC100,FSGLNT1
96101,NNC100,FSGLNT1
96102,NNC100,FSE3NT1
96104,NNC100,FSNT1
96106,NNC100,FSE4NT3
96106QA01,NNC100,FSE4NT3
96107,NNC100,FSGLNT1
96108,NNC100,FSGLNT1
96109QA01,NNC100,FSGLNT1
96110,NNC100,FSGLNT1
96111,NNC100,FSGLNT1
96112,NNC100,FSE5NT2
96113,NNC100,FSGLNT1
96115,NNC100,FSGLNT1
96117,NNC100,FSGLNT1
96118,NNC100,FSGLNT1
96119,NNC100,FSGLNT1
96120,NNC100,FSGLNT1
96120QA01,NNC100,FSGLNT1
96121,NNC100,FSGLNT1
96122,NNC100,FSGLNT1
96123QA01,NNC100,FSGLNT1
96124,NNC100,FSGLNT1
96125,NNC100,FSGLNT1
96127QA01,NNC100,FSGLNT1
96128,NNC100,FSE6NT3
96129,NNC100,FSGLNT1
96130,NNC100,FSNT1
96131,NNC100,FSGLNT1
96131QA01,NNC100,FSGLNT1
96132,NNC100,FSGLNT1
96134,NNC100,FSGLNT1
96135,NNC100,FSE7NT2
96135QA01,NNC100,FSE7NT2
96137,NNC100,FSGLE8NT1
96138,NNC100,FSGLNT1
96140,NNC100,FSGLNT1
96141,NNC100,FSGLNT1
96141QA01,NNC100,FSGLNT1
96142,NNC100,FSGLNT1
96143QA01,NNC100,FSGLNT1
96144,NNC100,FSGLNT1
96146QA01,NNC100,FSGLNT1
96148,NNC100,FSGLNT1
96149QA01,NNC100,FSGLNT1
96152,NNC100,FSGLNT1
96154,NNC100,FSGLNT1
96154QA01,NNC100,FSGLNT1
96155,NNC100,FSGLNT1
96155QA01,NNC100,FSGLNT1
96156,NNC100,FSGLNT1
96157,NNC100,FSGLNT1
96157QA01,NNC100,FSGLNT1
96158,NNC100,FSGLNT1
96159,NNC100,FSGLNT1
96160,NNC100,FSNT1
96162,NNC100,FSGLNT1
96163,NNC100,FSGLNT1
96165,NNC100,FSGLNT1
96166,NNC100,FSNT1
96167,NNC100,FSGLNT1
96168,NNC100,FSGLNT4
96169,NNC100,FSGLNT1
96171QA01,NNC100,FSGLNT1
96172,NNC100,FSGLNT1
96174,NNC100,FSGLNT1
96174QA01,NNC100,FSGLNT1
96175,NNC100,FSGLNT1
96177,NNC100,FSNT1
96178QA01,NNC100,FSGLNT1
97385,D12NT,NS2GL
97387,D12NT,NS2
97388,D12NT,NS2
97390,D12NT,NS2GL
DK24-HAL,UNASSIGN,None
DK24-MAY,UNASSIGN,None
DK24-WIVYED,UNASSIGN,None
DK24-WIVYFALL,UNASSIGN,None
DK24-WIVYXM,UNASSIGN,None
DK24-XAST,UNASSIGN,None
DK24-XCL,UNASSIGN,None
DK24-XCST,UNASSIGN,None
DK24-XDLX,UNASSIGN,None
DK24-XNTLT,UNASSIGN,None
DK24-XSGL,UNASSIGN,None
IDFAT,CARLA,None
IDMOT,CARLA,None
KTIDFAT,CARLA,None
KTIDMOT,CARLA,None
LETTERHDBL24,UNASSIGN,None
LETTERHDWI24,UNASSIGN,None
LT22 BWGUIDE,UNASSIGN,None
LT24 BESTDA01,UNASSIGN,None
LT24 WORKDA01,UNASSIGN,None
ORGILL24,UNASSIGN,None
TABDIV,UNASSIGN,None
,,
,,
,,
,,
,,
,,
,,
,,
,,
,,
,,
,,
,,
,,
,,
,,
,,
,,
,,
,,
,,
,,
,,
,,
,,
,,
,,
,,
,,
,,
,,
,,
,,
,,
,,
,,
,,
,,
,,
,,
,,
,,
,,
,,
,,
,,
,,
,,
,,
,,
,,
,,
,,
,,
,,
,,
,,
,,
,,
,,
,,
,,
,,
,,
,,
,,
,,
,,
,,
,,
,,
,,
,,
,,
,,
,,
,,
,,
,,
,,
,,
,,
,,
,,
,,
,,
,,
,,
,,
,,
,,
,,
,,
,,
,,
,,
,,
,,
,,
,,
,,
,,
,,
,,
,,
,,
,,
,,
,,
,,
,,
,,
,,
,,
,,
,,
,,
,,
,,
,,
,,
,,
,,
,,
,,
,,
,,
,,
,,
,,
,,
,,
,,
,,
,,
,,
,,
,,
,,
,,
,,
,,
,,
,,
,,
,,
,,
,,
,,
,,
,,
,,
,,
,,
,,
,,
,,
,,
,,
,,
,,
,,
,,
,,
,,
,,
,,
,,
,,
,,
,,
,,
,,
,,
,,
,,
,,
,,
,,
,,
,,
,,
,,
,,
,,
,,
,,
,,
,,
,,
,,
,,
,,
,,
,,
,,
,,
,,
,,
,,
,,
,,
,,
,,
,,
,,
,,
,,
,,
,,
,,
,,
,,
,,
,,
,,
,,
,,
,,
,,
,,
,,
,,
,,
,,
,,
,,
,,
,,
,,
,,
,,
,,
,,
,,
,,
,,
,,
,,
,,
,,
,,
,,
,,
,,
,,
,,
,,
,,
,,
,,
,,
,,
,,
,,
,,
,,
,,
,,
,,
,,
,,
,,
,,
,,
,,
,,
,,
,,
,,
,,
,,
,,
,,
,,
,,
,,
,,
,,
,,
,,
,,
,,
,,
,,
,,
,,
,,
,,
,,
,,
,,
,,
,,
,,
,,
,,
,,
,,
,,
,,
,,
,,
,,
,,
,,
,,
,,
,,
,,
,,
,,
,,
,,
,,
,,
,,
,,
,,
,,
,,
,,
,,
,,
,,
,,
,,
,,
,,
,,
,,
,,
,,
,,
,,
,,
,,
,,
,,
,,
,,
,,
,,
,,
,,
,,
,,
,,
,,
,,
,,
,,
,,
,,
,,
,,
,,
,,
,,
,,
,,
,,
,,
,,
,,
,,
,,
,,
,,
,,
,,
,,
,,
,,
,,
,,
,,
,,
,,
,,
,,
,,
,,
,,
,,
,,
,,
,,
,,
,,
,,
,,
,,
,,
,,
,,
,,
,,
,,
,,
,,
,,
,,
,,
,,
,,
,,
,,
,,
,,
,,
,,
,,
,,
,,
,,
,,
,,
,,
,,
,,
,,
,,
,,
,,
,,
,,
,,
,,
,,
,,
,,
,,
,,
,,
,,
,,
,,
,,
,,
,,
,,
,,
,,
,,
,,
,,
,,
,,
,,
,,
,,
,,
,,
,,
,,
,,
,,
,,
,,
,,
,,
,,
,,
,,
,,
,,
,,
,,
,,
,,
,,
,,
,,
,,
,,
,,
,,
,,
,,
,,
,,
,,
,,
,,
,,
,,
,,
,,
,,
,,
,,
,,
,,
,,
,,
,,
,,
,,
,,
,,
,,
,,
,,
,,
,,
,,
,,
,,
,,
,,
,,
,,
,,
,,
,,
,,
,,
,,
,,
,,
,,
,,
,,
,,
,,
,,
,,
,,
,,
,,
,,
,,
,,
,,
,,
,,
,,
,,
,,
,,
,,
,,
,,
,,
,,
,,
,,
,,
,,
,,
,,
,,
,,
,,
,,
,,
,,
,,
,,
,,
,,
,,
,,
,,
,,
,,
,,
,,
,,
,,
,,
,,
,,
,,
,,
,,
,,
,,
,,
,,
,,
,,
,,
,,
,,
,,
,,
,,
,,
,,
,,
,,
,,
,,
,,
,,
,,
,,
,,
,,
,,
,,
,,
,,
,,
,,
,,
,,
,,
,,
,,
,,
,,
,,
,,
,,
,,
,,
,,
,,
,,
,,
,,
,,
,,
,,
,,
,,
,,
,,
,,
,,
,,
,,
,,
,,
,,
,,
,,
,,
,,
,,
,,
,,
,,
,,
,,
,,
,,
,,
,,
,,
,,
,,
,,
,,
,,
,,
,,
,,
,,
,,
,,
,,
,,
,,
,,
,,
,,
,,
,,
,,
,,
,,
,,
,,
,,
,,
,,
,,
,,
,,
,,
,,
,,
,,
,,
,,
,,
,,
,,
,,
,,
,,
,,
,,
,,
,,
,,
,,
,,
,,
,,
,,
,,
,,
,,
,,
,,
,,
,,
,,
,,
,,
,,
,,
,,
,,
,,
,,
,,
,,
,,
,,
,,
,,
,,
,,
,,
,,
,,
,,
,,
,,
,,
,,
,,
,,
,,
,,
,,
,,
,,
,,
,,
,,
,,
,,
,,
,,
,,
,,
,,
,,
,,
,,
,,
,,
,,
,,
,,
,,
,,
,,
,,
,,
,,
,,
,,
,,
,,
,,
,,
,,
,,
,,
,,
,,
,,
,,
,,
,,
,,
,,
,,
,,
,,
,,
,,
,,
,,
,,
,,
,,
,,
,,
,,
,,
,,
,,
,,
,,
,,
,,
,,
,,
,,
,,
,,
,,
,,
,,
,,
,,
,,
,,
,,
,,
,,
,,
,,
,,
,,
,,
,,
,,
,,
,,
,,
,,
,,
,,
,,
,,
,,
,,
,,
,,
,,
,,
,,
,,
,,
,,
,,
,,
,,
,,
,,
,,
,,
,,
,,
,,
,,
,,
,,
,,
,,
,,
,,
,,
,,
,,
,,
,,
,,
,,
,,
,,
,,
,,
,,
,,
,,
,,
,,
,,
,,
,,
,,
,,
,,
,,
,,
,,
,,
,,
,,
,,
,,
,,
,,
,,
,,
,,
,,
,,
,,
,,
,,
,,
,,
,,
,,
,,
,,
,,
,,
,,
,,
,,
,,
,,
,,
,,
,,
,,
,,
,,
,,
,,
,,
,,
,,
,,
,,
,,
,,
,,
,,
,,
,,
,,
,,
,,
,,
,,
,,
,,
,,
,,
,,
,,
,,
,,
,,
,,
,,
,,
,,
,,
,,
,,
,,
,,
,,
,,
,,
,,
,,
,,
,,
,,
,,
,,
,,
,,
,,
,,
,,
,,
,,
,,
,,
,,
,,
,,
,,
,,
,,
,,
,,
,,
,,
,,
,,
,,
,,
,,
,,
,,
,,
,,
,,
,,
,,
,,
,,
,,
,,
,,
,,
,,
,,
,,
,,
,,
,,
,,
,,
,,
,,
,,
,,
,,
,,
,,
,,
,,
,,
,,
,,
,,
,,
,,
,,
,,
,,
,,
,,
,,
,,
,,
,,
,,
,,
,,
,,
,,
,,
,,
,,
,,
,,
,,
,,
,,
,,
,,
,,
,,
,,
,,
,,
,,
,,
,,
,,
,,
,,
,,
,,
,,
,,
,,
,,
,,
,,
,,
,,
,,
,,
,,
,,
,,
,,
,,
,,
,,
,,
,,
,,
,,
,,
,,
,,
,,
,,
,,
,,
,,
,,
,,
,,
,,
,,
,,
,,
,,
,,
,,
,,
,,
,,
,,
,,
,,
,,
,,
,,
,,
,,
,,
,,
,,
,,
,,
,,
,,
,,
,,
,,
,,
,,
,,
,,
,,
,,
,,
,,
,,
,,
,,
,,
,,
,,
,,
,,
,,
,,
,,
,,
,,
,,
,,
,,
,,
,,
,,
,,
,,
,,
,,
,,
,,
,,
,,
,,
,,
,,
,,
,,
,,
,,
,,
,,
,,
,,
,,
,,
,,
,,
,,
,,
,,
,,
,,
,,
,,
,,
,,
,,
,,
,,
,,
,,
,,
,,
,,
,,
,,
,,
,,
,,
,,
,,
,,
,,
,,
,,
,,
,,
,,
,,
,,
,,
,,
,,
,,
,,
,,
,,
,,
,,
,,
,,
,,
,,
,,
,,
,,
,,
,,
,,
,,
,,
,,
,,
,,
,,
,,
,,
,,
,,
,,
,,
,,
,,
,,
,,
,,
,,
,,
,,
,,
,,
,,
,,
,,
,,
,,
,,
,,
,,
,,
,,
,,
,,
,,
,,
,,
,,
,,
,,
,,
,,
,,
,,
,,
,,
,,
,,
,,
,,
,,
,,
,,
,,
,,
,,
,,
,,
,,
,,
,,
,,
,,
,,
,,
,,
,,
,,
,,
,,
,,
,,
,,
,,
,,
,,
,,
,,
,,
,,
,,
,,
,,
,,
,,
,,
,,
,,
,,
,,
,,
,,
,,
,,
,,
,,
,,
,,
,,
,,
,,
,,
,,
,,
,,
,,
,,
,,
,,
,,
,,
,,
,,
,,
,,
,,
,,
,,
,,
,,
,,
,,
,,
,,
,,
,,
,,
,,
,,
,,
,,
,,
,,
,,
,,
,,
,,
,,
,,
,,
,,
,,
,,
,,
,,
,,
,,
,,
,,
,,
,,
,,
,,
,,
,,
,,
,,
,,
,,
,,
,,
,,
,,
,,
,,
,,
,,
,,
,,
,,
,,
,,
,,
,,
,,
,,
,,
,,
,,
,,
,,
,,
,,
,,
,,
,,
,,
,,
,,
,,
,,
,,
,,
,,
,,
,,
,,
,,
,,
,,
,,
,,
,,
,,
,,
,,
,,
,,
,,
,,
,,
,,
,,
,,
,,
,,
,,
,,
,,
,,
,,
,,
,,
,,
,,
,,
,,
,,
,,
,,
,,
,,
,,
,,
,,
,,
,,
,,
,,
,,
,,
,,
,,
,,
,,
,,
,,
,,
,,
,,
,,
,,
,,
,,
,,
,,
,,
,,
,,
,,
,,
,,
,,
,,
,,
,,
,,
,,
,,
,,
,,
,,
,,
,,
,,
,,
,,
,,
,,
,,
,,
,,
,,
,,
,,
,,
,,
,,
,,
,,
,,
,,
,,
,,
,,
,,
,,
,,
,,
,,
,,
,,
,,
,,
,,
,,
,,
,,
,,
,,
,,
,,
,,
,,
,,
,,
,,
,,
,,
,,
,,
,,
,,
,,
,,
,,
,,
,,
,,
,,
,,
,,
,,
,,
,,
,,
,,
,,
,,
,,
,,
,,
,,
,,
,,
,,
,,
,,
,,
,,
,,
,,
,,
,,
,,
,,
,,
,,
,,
,,
,,
,,
,,
,,
,,
,,
,,
,,
,,
,,
,,
,,
,,
,,
,,
,,
,,
,,
,,
,,
,,
,,
,,
,,
,,
,,
,,
,,
,,
,,
,,
,,
,,
,,
,,
,,
,,
,,
,,
,,
,,
,,
,,
,,
,,
,,
,,
,,
,,
,,
,,
,,
,,
,,
,,
,,
,,
,,
,,
,,
,,
,,
,,
,,
,,
,,
,,
,,
,,
,,
,,
,,
,,
,,
,,
,,
,,
,,
,,
,,
,,
,,
,,
,,
,,
,,
,,
,,
,,
,,
,,
,,
,,
,,
,,
,,
,,
,,
,,
,,
,,
,,
,,
,,
,,
,,
,,
,,
,,
,,
,,
,,
,,
,,
,,
,,
,,
,,
,,
,,
,,
,,
,,
,,
,,
,,
,,
,,
,,
,,
,,
,,
,,
,,
,,
,,
,,
,,
,,
,,
,,
,,
,,
,,
,,
,,
,,
,,
,,
,,
,,
,,
,,
,,
,,
,,
,,
,,
,,
,,
,,
,,
,,
,,
,,
,,
,,
,,
,,
,,
,,
,,
,,
,,
,,
,,
,,
,,
,,
,,
,,
,,
,,
,,
,,
,,
,,
,,
,,
,,
,,
,,
,,
,,
,,
,,
,,
,,
,,
,,
,,
,,
,,
,,
,,
,,
,,
,,
,,
,,
,,
,,
,,
,,
,,
,,
,,
,,
,,
,,
,,
,,
,,
,,
,,
,,
,,
,,
,,
,,
,,
,,
,,
,,
,,
,,
,,
,,
,,
,,
,,
,,
,,
,,
,,
,,
,,
,,
,,
,,
,,
,,
,,
,,
,,
,,
,,
,,
,,
,,
,,
,,
,,
,,
,,
,,
,,
,,
,,
,,
,,
,,
,,
,,
,,
,,
,,
,,
,,
,,
,,
,,
,,
,,
,,
,,
,,
,,
,,
,,
,,
,,
,,
,,
,,
,,
,,
,,
,,
,,
,,
,,
,,
,,
,,
,,
,,
,,
,,
,,
,,
,,
,,
,,
,,
,,
,,
,,
,,
,,
,,
,,
,,
,,
,,
,,
,,
,,
,,
,,
,,
,,
,,
,,
,,
,,
,,
,,
,,
,,
,,
,,
,,
,,
,,
,,
,,
,,
,,
,,
,,
,,
,,
,,
,,
,,
,,
,,
,,
,,
,,
,,
,,
,,
,,
,,
,,
,,
,,
,,
,,
,,
,,
,,
,,
,,
,,
,,
,,
,,
,,
,,
,,
,,
,,
,,
,,
,,
,,
,,
,,
,,
,,
,,
,,
,,
,,
,,
,,
,,
,,
,,
,,
,,
,,
,,
,,
,,
,,
,,
,,
,,
,,
,,
,,
,,
,,
,,
,,
,,
,,
,,
,,
,,
,,
,,
,,
,,
,,
,,
,,
,,
,,
,,
,,
,,
,,
,,
,,
,,
,,
,,
,,
,,
,,
,,
,,
,,
,,
,,
,,
,,
,,
,,
,,
,,
,,
,,
,,
,,
,,
,,
,,
,,
,,
,,
,,
,,
,,
,,
,,
,,
,,
,,
,,
,,
,,
,,
,,
,,
,,
,,
,,
,,
,,
,,
,,
,,
,,
,,
,,
,,
,,
,,
,,
,,
,,
,,
,,
,,
,,
,,
,,
,,
,,
,,
,,
,,
,,
,,
,,
,,
,,
,,
,,
,,
,,
,,
,,
,,
,,
,,
,,
,,
,,
,,
,,
,,
,,
,,
,,
,,
,,
,,
,,
,,
,,
,,
,,
,,
,,
,,
,,
,,
,,
,,
,,
,,
,,
,,
,,
,,
,,
,,
,,
,,
,,
,,
,,
,,
,,
,,
,,
,,
,,
,,
,,
,,
,,
,,
,,
,,
,,
,,
,,
,,
,,
,,
,,
,,
,,
,,
,,
,,
,,
,,
,,
,,
,,
,,
,,
,,
,,
,,
,,
,,
,,
,,
,,
,,
,,
,,
,,
,,
,,
,,
,,
,,
,,
,,
,,
,,
,,
,,
,,
,,
,,
,,
,,
,,
,,
,,
,,
,,
,,
,,
,,
,,
,,
,,
,,
,,
,,
,,
,,
,,
,,
,,
,,
,,
,,
,,
,,
,,
,,
,,
,,
,,
,,
,,
,,
,,
,,
,,
,,
,,
,,
,,
,,
,,
,,
,,
,,
,,
,,
,,
,,
,,
,,
,,
,,
,,
,,
,,
,,
,,
,,
,,
,,
,,
,,
,,
,,
,,
,,
,,
,,
,,
,,
,,
,,
,,
,,
,,
,,
,,
,,
,,
,,
,,
,,
,,
,,
,,
,,
,,
,,
,,
,,
,,
,,
,,
,,
,,
,,
,,
,,
,,
,,
,,
,,
,,
,,
,,
,,
,,
,,
,,
,,
,,
,,
,,
,,
,,
,,
,,
,,
,,
,,
,,
,,
,,
,,
,,
,,
,,
,,
,,
,,
,,
,,
,,
,,
,,
,,
,,
,,
,,
,,
,,
,,
,,
,,
,,
,,
,,
,,
,,
,,
,,
,,
,,
,,
,,
,,
,,
,,
,,
,,
,,
,,
,,
,,
,,
,,
,,
,,
,,
,,
,,
,,
,,
,,
,,
,,
,,
,,
,,
,,
,,
,,
,,
,,
,,
,,
,,
,,
,,
,,
,,
,,
,,
,,
,,
,,
,,
,,
,,
,,
,,
,,
,,
,,
,,
,,
,,
,,
,,
,,
,,
,,
,,
,,
,,
,,
,,
,,
,,
,,
,,
,,
,,
,,
,,
,,
,,
,,
,,
,,
,,
,,
,,
,,
,,
,,
,,
,,
,,
,,
,,
,,
,,
,,
,,
,,
,,
,,
,,
,,
,,
,,
,,
,,
,,
,,
,,
,,
,,
,,
,,
,,
,,
,,
,,
,,
,,
,,
,,
,,
,,
,,
,,
,,
,,
,,
,,
,,
,,
,,
,,
,,
,,
,,
,,
,,
,,
,,
,,
,,
,,
,,
,,
,,
,,
,,
,,
,,
,,
,,
,,
,,
,,
,,
,,
,,
,,
,,
,,
,,
,,
,,
,,
,,
,,
,,
,,
,,
,,
,,
,,
,,
,,
,,
,,
,,
,,
,,
,,
,,
,,
,,
,,
,,
,,
,,
,,
,,
,,
,,
,,
,,
,,
,,
,,
,,
,,
,,
,,
,,
,,
,,
,,
,,
,,
,,
,,
,,
,,
,,
,,
,,
,,
,,
,,
,,
,,
,,
,,
,,
,,
,,
,,
,,
,,
,,
,,
,,
,,
,,
,,
,,
,,
,,
,,
,,
,,
,,
,,
,,
,,
,,
,,
,,
,,
,,
,,
,,
,,
,,
,,
,,
,,
,,
,,
,,
,,
,,
,,
,,
,,
,,
,,
,,
,,
,,
,,
,,
,,
,,
,,
,,
,,
,,
,,
,,
,,
,,
,,
,,
,,
,,
,,
,,
,,
,,
,,
,,
,,
,,
,,
,,
,,
,,
,,
,,
,,
,,
,,
,,
,,
,,
,,
,,
,,
,,
,,
,,
,,
,,
,,
,,
,,
,,
,,
,,
,,
,,
,,
,,
,,
,,
,,
,,
,,
,,
,,
,,
,,
,,
,,
,,
,,
,,
,,
,,
,,
,,
,,
,,
,,
,,
,,
,,
,,
,,
,,
,,
,,
,,
,,
,,
,,
,,
,,
,,
,,
,,
,,
,,
,,
,,
,,
,,
,,
,,
,,
,,
,,
,,
,,
,,
,,
,,
,,
,,
,,
,,
,,
,,
,,
,,
,,
,,
,,
,,
,,
,,
,,
,,
,,
,,
,,
,,
,,
,,
,,
,,
,,
,,
,,
,,
,,
,,
,,
,,
,,
,,
,,
,,
,,
,,
,,
,,
,,
,,
,,
,,
,,
,,
,,
,,
,,
,,
,,
,,
,,
,,
,,
,,
,,
,,
,,
,,
,,
,,
,,
,,
,,
,,
,,
,,
,,
,,
,,
,,
,,
,,
,,
,,
,,
,,
,,
,,
,,
,,
,,
,,
,,
,,
,,
,,
,,
,,
,,
,,
,,
,,
,,
,,
,,
,,
,,
,,
,,
,,
,,
,,
,,
,,
,,
,,
,,
,,
,,
,,
,,
,,
,,
,,
,,
,,
,,
,,
,,
,,
,,
,,
,,
,,
,,
,,
,,
,,
,,
,,
,,
,,
,,
,,
,,
,,
,,
,,
,,
,,
,,
,,
,,
,,
,,
,,
,,
,,
,,
,,
,,
,,
,,
,,
,,
,,
,,
,,
,,
,,
,,
,,
,,
,,
,,
,,
,,
,,
,,
,,
,,
,,
,,
,,
,,
,,
,,
,,
,,
,,
,,
,,
,,
,,
,,
,,
,,
,,
,,
,,
,,
,,
,,
,,
,,
,,
,,
,,
,,
,,
,,
,,
,,
,,
,,
,,
,,
,,
,,
,,
,,
,,
,,
,,
,,
,,
,,
,,
,,
,,
,,
,,
,,
,,
,,
,,
,,
,,
,,
,,
,,
,,
,,
,,
,,
,,
,,
,,
,,
,,
,,
,,
,,
,,
,,
,,
,,
,,
,,
,,
,,
,,
,,
,,
,,
,,
,,
,,
,,
,,
,,
,,
,,
,,
,,
,,
,,
,,
,,
,,
,,
,,
,,
,,
,,
,,
,,
,,
,,
,,
,,
,,
,,
,,
,,
,,
,,
,,
,,
,,
,,
,,
,,
,,
,,
,,
,,
,,
,,
,,
,,
,,
,,
,,
,,
,,
,,
,,
,,
,,
,,
,,
,,
,,
,,
,,
,,
,,
,,
,,
,,
,,
,,
,,
,,
,,
,,
,,
,,
,,
,,
,,
,,
,,
,,
,,
,,
,,
,,
,,
,,
,,
,,
,,
,,
,,
,,
,,
,,
,,
,,
,,
,,
,,
,,
,,
,,
,,
,,
,,
,,
,,
,,
,,
,,
,,
,,
,,
,,
,,
,,
,,
,,
,,
,,
,,
,,
,,
,,
,,
,,
,,
,,
,,
,,
,,
,,
,,
,,
,,
,,
,,
,,
,,
,,
,,
,,
,,
,,
,,
,,
,,
,,
,,
,,
,,
,,
,,
,,
,,
,,
,,
,,
,,
,,
,,
,,
,,
,,
,,
,,
,,
,,
,,
,,
,,
,,
,,
,,
,,
,,
,,
,,
,,
,,
,,
,,
,,
,,
,,
,,
,,
,,
,,
,,
,,
,,
,,
,,
,,
,,
,,
,,
,,
,,
,,
,,
,,
,,
,,
,,
,,
,,
,,
,,
,,
,,
,,
,,
,,
,,
,,
,,
,,
,,
,,
,,
,,
,,
,,
,,
,,
,,
,,
,,
,,
,,
,,
,,
,,
,,
,,
,,
,,
,,
,,
,,
,,
,,
,,
,,
,,
,,
,,
,,
,,
,,
,,
,,
,,
,,
,,
,,
,,
,,
,,
,,
,,
,,
,,
,,
,,
,,
,,
,,
,,
,,
,,
,,
,,
,,
,,
,,
,,
,,
,,
,,
,,
,,
,,
,,
,,
,,
,,
,,
,,
,,
,,
,,
,,
,,
,,
,,
,,
,,
,,
,,
,,
,,
,,
,,
,,
,,
,,
,,
,,
,,
,,
,,
,,
,,
,,
,,
,,
,,
,,
,,
,,
,,
,,
,,
,,
,,
,,
,,
,,
,,
,,
,,
,,
,,
,,
,,
,,
,,
,,
,,
,,
,,
,,
,,
,,
,,
,,
,,
,,
,,
,,
,,
,,
,,
,,
,,
,,
,,
,,
,,
,,
,,
,,
,,
,,
,,
,,
,,
,,
,,
,,
,,
,,
,,
,,
,,
,,
,,
,,
,,
,,
,,
,,
,,
,,
,,
,,
,,
,,
,,
,,
,,
,,
,,
,,
,,
,,
,,
,,
,,
,,
,,
,,
,,
,,
,,
,,
,,
,,
,,
,,
,,
,,
,,
,,
,,
,,
,,
,,
,,
,,
,,
,,
,,
,,
,,
,,
,,
,,
,,
,,
,,
,,
,,
,,
,,
,,
,,
,,
,,
,,
,,
,,
,,
,,
,,
,,
,,
,,
,,
,,
,,
,,
,,
,,
,,
,,
,,
,,
,,
,,
,,
,,
,,
,,
,,
,,
,,
,,
,,
,,
,,
,,
,,
,,
,,
,,
,,
,,
,,
,,
,,
,,
,,
,,
,,
,,
,,
,,
,,
,,
,,
,,
,,
,,
,,
,,
,,
,,
,,
,,
,,
,,
,,
,,
,,
,,
,,
,,
,,
,,
,,
,,
,,
,,
,,
,,
,,
,,
,,
,,
,,
,,
,,
,,
,,
,,
,,
,,
,,
,,
,,
,,
,,
,,
,,
,,
,,
,,
,,
,,
,,
,,
,,
,,
,,
,,
,,
,,
,,
,,
,,
,,
,,
,,
,,
,,
,,
,,
,,
,,
,,
,,
,,
,,
,,
,,
,,
,,
,,
,,
,,
,,
,,
,,
,,
,,
,,
,,
,,
,,
,,
,,
,,
,,
,,
,,
,,
,,
,,
,,
,,
,,
,,
,,
,,
,,
,,
,,
,,
,,
,,
,,
,,
,,
,,
,,
,,
,,
,,
,,
,,
,,
,,
,,
,,
,,
,,
,,
,,
,,
,,
,,
,,
,,
,,
,,
,,
,,
,,
,,
,,
,,
,,
,,
,,
,,
,,
,,
,,
,,
,,
,,
,,
,,
,,
,,
,,
,,
,,
,,
,,
,,
,,
,,
,,
,,
,,
,,
,,
,,
,,
,,
,,
,,
,,
,,
,,
,,
,,
,,
,,
,,
,,
,,
,,
,,
,,
,,
,,
,,
,,
,,
,,
,,
,,
,,
,,
,,
,,
,,
,,
,,
,,
,,
,,
,,
,,
,,
,,
,,
,,
,,
,,
,,
,,
,,
,,
,,
,,
,,
,,
,,
,,
,,
,,
,,
,,
,,
,,
,,
,,
,,
,,
,,
,,
,,
,,
,,
,,
,,
,,
,,
,,
,,
,,
,,
,,
,,
,,
,,
,,
,,
,,
,,
,,
,,
,,
,,
,,
,,
,,
,,
,,
,,
,,
,,
,,
,,
,,
,,
,,
,,
,,
,,
,,
,,
,,
,,
,,
,,
,,
,,
,,
,,
,,
,,
,,
,,
,,
,,
,,
,,
,,
,,
,,
,,
,,
,,
,,
,,
,,
,,
,,
,,
,,
,,
,,
,,
,,
,,
,,
,,
,,
,,
,,
,,
,,
,,
,,
,,
,,
,,
,,
,,
,,
,,
,,
,,
,,
,,
,,
,,
,,
,,
,,
,,
,,
,,
,,
,,
,,
,,
,,
,,
,,
,,
,,
,,
,,
,,
,,
,,
,,
,,
,,
,,
,,
,,
,,
,,
,,
,,
,,
,,
,,
,,
,,
,,
,,
,,
,,
,,
,,
,,
,,
,,
,,
,,
,,
,,
,,
,,
,,
,,
,,
,,
,,
,,
,,
,,
,,
,,
,,
,,
,,
,,
,,
,,
,,
,,
,,
,,
,,
,,
,,
,,
,,
,,
,,
,,
,,
,,
,,
,,
,,
,,
,,
,,
,,
,,
,,
,,
,,
,,
,,
,,
,,
,,
,,
,,
,,
,,
,,
,,
,,
,,
,,
,,
,,
,,
,,
,,
,,
,,
,,
,,
,,
,,
,,
,,
,,
,,
,,
,,
,,
,,
,,
,,
,,
,,
,,
,,
,,
,,
,,
,,
,,
,,
,,
,,
,,
,,
,,
,,
,,
,,
,,
,,
,,
,,
,,
,,
,,
,,
,,
,,
,,
,,
,,
,,
,,
,,
,,
,,
,,
,,
,,
,,
,,
,,
,,
,,
,,
,,
,,
,,
,,
,,
,,
,,
,,
,,
,,
,,
,,
,,
,,
,,
,,
,,
,,
,,
,,
,,
,,
,,
,,
,,
,,
,,
,,
,,
,,
,,
,,
,,
,,
,,
,,
,,
,,
,,
,,
,,
,,
,,
,,
,,
,,
,,
,,
,,
,,
,,
,,
,,
,,
,,
,,
,,
,,
,,
,,
,,
,,
,,
,,
,,
,,
,,
,,
,,
,,
,,
,,
,,
,,
,,
,,
,,
,,
,,
,,
,,
,,
,,
,,
,,
,,
,,
,,
,,
,,
,,
,,
,,
,,
,,
,,
,,
,,
,,
,,
,,
,,
,,
,,
,,
,,
,,
,,
,,
,,
,,
,,
,,
,,
,,
,,
,,
,,
,,
,,
,,
,,
,,
,,
,,
,,
,,
,,
,,
,,
,,
,,
,,
,,
,,
,,
,,
,,
,,
,,
,,
,,
,,
,,
,,
,,
,,
,,
,,
,,
,,
,,
,,
,,
,,
,,
,,
,,
,,
,,
,,
,,
,,
,,
,,
,,
,,
,,
,,
,,
,,
,,
,,
,,
,,
,,
,,
,,
,,
,,
,,
,,
,,
,,
,,
,,
,,
,,
,,
,,
,,
,,
,,
,,
,,
,,
,,
,,
,,
,,
,,
,,
,,
,,
,,
,,
,,
,,
,,
,,
,,
,,
,,
,,
,,
,,
,,
,,
,,
,,
,,
,,
,,
,,
,,
,,
,,
,,
,,
,,
,,
,,
,,
,,
,,
,,
,,
,,
,,
,,
,,
,,
,,
,,
,,
,,
,,
,,
,,
,,
,,
,,
,,
,,
,,
,,
,,
,,
,,
,,
,,
,,
,,
,,
,,
,,
,,
,,
,,
,,
,,
,,
,,
,,
,,
,,
,,
,,
,,
,,
,,
,,
,,
,,
,,
,,
,,
,,
,,
,,
,,
,,
,,
,,
,,
,,
,,
,,
,,
,,
,,
,,
,,
,,
,,
,,
,,
,,
,,
,,
,,
,,
,,
,,
,,
,,
,,
,,
,,
,,
,,
,,
,,
,,
,,
,,
,,
,,
,,
,,
,,
,,
,,
,,
,,
,,
,,
,,
,,
,,
,,
,,
,,
,,
,,
,,
,,
,,
,,
,,
